1769904000000000,0.00504000,0.00508000,0.00503000,0.00505000,5380138.20000000,1769907599999999,27168.84048300,340,2350424.20000000,11878.22499000,0
1769907600000000,0.00505000,0.00506000,0.00502000,0.00505000,1917339.80000000,1769911199999999,9651.71238800,204,908603.50000000,4576.66208100,0
1769911200000000,0.00506000,0.00511000,0.00505000,0.00509000,1840304.90000000,1769914799999999,9324.73771700,108,1305036.90000000,6608.09276900,0
1769914800000000,0.00509000,0.00510000,0.00507000,0.00510000,2012835.90000000,1769918399999999,10234.12232700,216,998640.70000000,5078.73264700,0
1769918400000000,0.00510000,0.00516000,0.00509000,0.00511000,11520189.30000000,1769921999999999,58974.02105800,867,8679169.50000000,44408.57250400,0
1769922000000000,0.00511000,0.00513000,0.00509000,0.00510000,4021420.10000000,1769925599999999,20577.06183800,331,1579923.20000000,8088.02787000,0
1769925600000000,0.00510000,0.00513000,0.00509000,0.00509000,1705240.80000000,1769929199999999,8719.97476600,242,1317747.50000000,6744.51695100,0
1769929200000000,0.00510000,0.00516000,0.00509000,0.00513000,2014787.90000000,1769932799999999,10301.54597300,168,995483.40000000,5095.52392400,0
1769932800000000,0.00513000,0.00515000,0.00511000,0.00513000,5182034.40000000,1769936399999999,26542.99502600,514,911386.60000000,4674.51858100,0
1769936400000000,0.00513000,0.00524000,0.00510000,0.00522000,10795843.00000000,1769939999999999,55774.78865100,905,4343013.30000000,22477.05581600,0
1769940000000000,0.00524000,0.00527000,0.00509000,0.00509000,7895066.20000000,1769943599999999,41150.85630800,654,5216935.40000000,27198.11941300,0
1769943600000000,0.00509000,0.00515000,0.00509000,0.00511000,2892855.40000000,1769947199999999,14800.79099600,261,550290.40000000,2814.46382700,0
1769947200000000,0.00511000,0.00511000,0.00506000,0.00507000,4493369.20000000,1769950799999999,22824.96291800,510,1094124.20000000,5571.18209800,0
1769950800000000,0.00507000,0.00524000,0.00507000,0.00514000,25419355.60000000,1769954399999999,131460.99964600,1638,16411994.90000000,84996.26617600,0
1769954400000000,0.00515000,0.00517000,0.00504000,0.00509000,7214833.80000000,1769957999999999,36837.70815900,286,4155214.20000000,21211.64114000,0
1769958000000000,0.00508000,0.00509000,0.00494000,0.00500000,7037657.40000000,1769961599999999,35128.25428000,275,4691777.80000000,23412.09268700,0
1769961600000000,0.00499000,0.00504000,0.00495000,0.00498000,3208703.60000000,1769965199999999,16026.50451100,195,1374894.50000000,6877.02236400,0
1769965200000000,0.00498000,0.00501000,0.00496000,0.00500000,1644316.10000000,1769968799999999,8192.93289100,125,669337.10000000,3340.62339800,0
1769968800000000,0.00500000,0.00509000,0.00500000,0.00503000,3240866.90000000,1769972399999999,16388.68166000,251,1663581.60000000,8414.65667400,0
1769972400000000,0.00506000,0.00506000,0.00499000,0.00501000,2494664.70000000,1769975999999999,12531.57808100,210,1066425.60000000,5358.72578100,0
1769976000000000,0.00500000,0.00504000,0.00497000,0.00500000,2177233.20000000,1769979599999999,10908.07782000,188,1169873.40000000,5858.24639400,0
1769979600000000,0.00500000,0.00501000,0.00494000,0.00495000,2154970.30000000,1769983199999999,10728.01181900,320,760461.70000000,3793.84546800,0
1769983200000000,0.00496000,0.00504000,0.00496000,0.00500000,2615379.40000000,1769986799999999,13066.43593000,525,1101697.00000000,5507.10163700,0
1769986800000000,0.00500000,0.00502000,0.00487000,0.00493000,11016517.30000000,1769990399999999,54542.66123000,1260,5424181.50000000,26860.17533000,0
1769990400000000,0.00493000,0.00509000,0.00489000,0.00506000,6595854.20000000,1769993999999999,33085.36300900,594,3550984.00000000,17804.07839500,0
1769994000000000,0.00506000,0.00511000,0.00498000,0.00507000,4998943.50000000,1769997599999999,25280.68476300,543,1065252.60000000,5386.74802700,0
1769997600000000,0.00505000,0.00507000,0.00500000,0.00500000,3285785.30000000,1770001199999999,16545.00106100,323,1232163.20000000,6206.86494000,0
1770001200000000,0.00500000,0.00501000,0.00481000,0.00498000,5802580.30000000,1770004799999999,28402.79091900,808,3609929.70000000,17661.73469600,0
1770004800000000,0.00498000,0.00502000,0.00490000,0.00493000,3373373.10000000,1770008399999999,16726.85427000,493,1093035.10000000,5419.03914500,0
1770008400000000,0.00493000,0.00494000,0.00481000,0.00488000,4444638.20000000,1770011999999999,21654.69958000,556,2527507.10000000,12313.27588400,0
1770012000000000,0.00487000,0.00498000,0.00479000,0.00491000,15110786.50000000,1770015599999999,73854.61419200,1690,6520560.60000000,31853.82245100,0
1770015600000000,0.00492000,0.00497000,0.00490000,0.00493000,8798988.50000000,1770019199999999,43408.21193300,640,3524017.60000000,17397.20788500,0
1770019200000000,0.00493000,0.00499000,0.00493000,0.00496000,5138614.50000000,1770022799999999,25491.39224000,948,3339335.00000000,16570.83080900,0
1770022800000000,0.00496000,0.00500000,0.00491000,0.00497000,5092074.40000000,1770026399999999,25236.56270700,601,2411507.20000000,11948.87682100,0
1770026400000000,0.00497000,0.00498000,0.00494000,0.00497000,2521197.40000000,1770029999999999,12500.00038300,280,1089468.60000000,5401.15852600,0
1770030000000000,0.00497000,0.00498000,0.00493000,0.00493000,4075585.40000000,1770033599999999,20216.76381400,485,1717892.90000000,8531.71193500,0
1770033600000000,0.00493000,0.00497000,0.00493000,0.00496000,1756983.40000000,1770037199999999,8694.70557000,261,852759.10000000,4221.81401600,0
1770037200000000,0.00497000,0.00513000,0.00497000,0.00507000,82700936.00000000,1770040799999999,417523.00285800,5733,57415374.20000000,289794.57571900,0
1770040800000000,0.00507000,0.00522000,0.00505000,0.00513000,27661630.00000000,1770044399999999,142183.24510600,1110,15910847.70000000,81769.05115300,0
1770044400000000,0.00513000,0.00518000,0.00512000,0.00516000,12615088.90000000,1770047999999999,64962.24460200,446,5971291.20000000,30753.62205900,0
1770048000000000,0.00516000,0.00519000,0.00512000,0.00512000,7954319.30000000,1770051599999999,41036.25177900,335,4378311.40000000,22588.13413000,0
1770051600000000,0.00512000,0.00515000,0.00508000,0.00510000,9759398.80000000,1770055199999999,50019.35267100,492,5156342.50000000,26440.00288900,0
1770055200000000,0.00510000,0.00514000,0.00509000,0.00511000,3267714.60000000,1770058799999999,16702.52074600,263,1122493.90000000,5737.29800900,0
1770058800000000,0.00511000,0.00511000,0.00507000,0.00507000,3878280.70000000,1770062399999999,19725.03449700,315,1337895.90000000,6808.92758500,0
1770062400000000,0.00506000,0.00511000,0.00506000,0.00507000,9133836.30000000,1770065999999999,46497.96959700,423,3843803.40000000,19573.83804900,0
1770066000000000,0.00507000,0.00510000,0.00507000,0.00510000,2191523.00000000,1770069599999999,11140.69662200,247,879387.70000000,4472.39963400,0
1770069600000000,0.00510000,0.00513000,0.00509000,0.00511000,1960191.10000000,1770073199999999,10014.00056500,199,825076.00000000,4216.32096600,0
1770073200000000,0.00511000,0.00516000,0.00510000,0.00516000,1888331.30000000,1770076799999999,9700.26194200,95,1427005.90000000,7335.16307100,0
1770076800000000,0.00517000,0.00522000,0.00509000,0.00512000,18624742.10000000,1770080399999999,96010.57418800,656,11439695.80000000,59053.79097700,0
1770080400000000,0.00511000,0.00512000,0.00506000,0.00509000,3842899.00000000,1770083999999999,19550.42285200,191,1241020.00000000,6322.26694400,0
1770084000000000,0.00511000,0.00511000,0.00502000,0.00504000,9042775.10000000,1770087599999999,45699.29607500,365,3628638.10000000,18367.36941400,0
1770087600000000,0.00504000,0.00515000,0.00504000,0.00512000,5495060.80000000,1770091199999999,28062.94029800,192,2294005.80000000,11728.51042500,0
1770091200000000,0.00512000,0.00517000,0.00510000,0.00516000,10515528.20000000,1770094799999999,54035.02691100,295,3896013.80000000,20039.09177500,0
1770094800000000,0.00517000,0.00526000,0.00515000,0.00522000,8364990.70000000,1770098399999999,43621.39994100,321,3226982.80000000,16855.39093400,0
1770098400000000,0.00522000,0.00591000,0.00520000,0.00568000,210221497.40000000,1770101999999999,1165010.13678900,9890,114915144.30000000,635246.79687600,0
1770102000000000,0.00567000,0.00652000,0.00567000,0.00609000,409440472.40000000,1770105599999999,2520638.97397000,17069,219647907.10000000,1354088.92065500,0
1770105600000000,0.00609000,0.00615000,0.00554000,0.00555000,136278735.80000000,1770109199999999,786581.10437900,4962,67908162.40000000,391612.06919200,0
1770109200000000,0.00555000,0.00613000,0.00552000,0.00591000,203348609.80000000,1770112799999999,1177552.68804700,8507,107077755.60000000,619527.37980100,0
1770112800000000,0.00591000,0.00627000,0.00576000,0.00597000,252187134.30000000,1770116399999999,1524890.17077300,8589,137085669.60000000,829824.75654800,0
1770116400000000,0.00599000,0.00605000,0.00578000,0.00594000,98664984.60000000,1770119999999999,580489.56964900,3253,49621110.80000000,292033.10412800,0
1770120000000000,0.00593000,0.00655000,0.00589000,0.00628000,279464606.70000000,1770123599999999,1759730.59680900,9693,159081379.30000000,1002017.78184100,0
1770123600000000,0.00629000,0.00634000,0.00597000,0.00599000,141340178.90000000,1770127199999999,877254.84551900,4592,65776562.10000000,408927.93998200,0
1770127200000000,0.00599000,0.00605000,0.00581000,0.00581000,85637772.90000000,1770130799999999,506161.90686400,3134,39477115.50000000,233583.22087000,0
1770130800000000,0.00581000,0.00610000,0.00579000,0.00599000,80215396.30000000,1770134399999999,475070.16978700,2914,36181559.00000000,214747.79280800,0
1770134400000000,0.00600000,0.00610000,0.00580000,0.00581000,80675179.30000000,1770137999999999,480025.69617600,2549,38191765.80000000,227401.66546600,0
1770138000000000,0.00582000,0.00587000,0.00561000,0.00562000,46632588.20000000,1770141599999999,267241.57540900,1563,25041731.20000000,143564.62181000,0
1770141600000000,0.00563000,0.00568000,0.00548000,0.00553000,54067367.00000000,1770145199999999,300620.01663200,1609,23096048.10000000,128427.02479200,0
1770145200000000,0.00553000,0.00581000,0.00553000,0.00569000,71965233.50000000,1770148799999999,408310.32019200,2075,38864743.90000000,220585.58835900,0
1770148800000000,0.00569000,0.00580000,0.00558000,0.00578000,33192882.00000000,1770152399999999,189003.86987900,979,17860499.80000000,101690.59272000,0
1770152400000000,0.00578000,0.00589000,0.00574000,0.00579000,31830626.40000000,1770155999999999,185000.26748800,998,17730869.90000000,103080.93963300,0
1770156000000000,0.00578000,0.00610000,0.00578000,0.00593000,71405366.80000000,1770159599999999,425177.32722600,2283,37132971.50000000,220680.84426900,0
1770159600000000,0.00592000,0.00605000,0.00582000,0.00588000,54206387.90000000,1770163199999999,321804.74288600,1466,26591898.90000000,157973.31324800,0
1770163200000000,0.00588000,0.00638000,0.00556000,0.00558000,260759790.40000000,1770166799999999,1587893.66610000,7921,125407970.60000000,764416.70097400,0
1770166800000000,0.00557000,0.00582000,0.00547000,0.00579000,81191890.40000000,1770170399999999,454873.62671900,2613,43033743.20000000,241196.29667300,0
1770170400000000,0.00580000,0.00603000,0.00562000,0.00573000,88167206.20000000,1770173999999999,517888.25942100,2519,43515067.60000000,255916.29304800,0
1770174000000000,0.00573000,0.00574000,0.00558000,0.00562000,40527006.20000000,1770177599999999,228669.29232300,1493,19081469.80000000,107729.80729100,0
1770177600000000,0.00563000,0.00569000,0.00559000,0.00562000,25667404.70000000,1770181199999999,144819.27801700,915,15103050.50000000,85282.99393700,0
1770181200000000,0.00563000,0.00563000,0.00555000,0.00555000,29562854.30000000,1770184799999999,165325.77899200,878,16696657.20000000,93383.38342800,0
1770184800000000,0.00555000,0.00567000,0.00549000,0.00551000,34253330.00000000,1770188399999999,191091.96393000,971,16905373.90000000,94343.88024800,0
1770188400000000,0.00551000,0.00560000,0.00541000,0.00546000,44830874.90000000,1770191999999999,246742.37193300,1872,20039791.50000000,110585.85207000,0
1770192000000000,0.00546000,0.00551000,0.00540000,0.00544000,57442803.70000000,1770195599999999,313698.39673400,1918,25145412.30000000,137350.70280000,0
1770195600000000,0.00544000,0.00545000,0.00534000,0.00540000,28685487.00000000,1770199199999999,154698.31042600,906,13144310.30000000,70850.51341600,0
1770199200000000,0.00539000,0.00543000,0.00538000,0.00542000,13936399.80000000,1770202799999999,75299.66715200,288,7735137.20000000,41789.45720700,0
1770202800000000,0.00542000,0.00542000,0.00533000,0.00537000,28537223.50000000,1770206399999999,153154.53461300,800,15508257.70000000,83306.05531300,0
1770206400000000,0.00537000,0.00541000,0.00536000,0.00538000,9198395.70000000,1770209999999999,49494.53510300,329,6105447.80000000,32869.68956300,0
1770210000000000,0.00537000,0.00538000,0.00527000,0.00527000,17645978.70000000,1770213599999999,93904.00334100,549,8603514.10000000,45831.93850300,0
1770213600000000,0.00527000,0.00534000,0.00523000,0.00525000,33871406.70000000,1770217199999999,179145.81876600,927,20701929.70000000,109546.11718600,0
1770217200000000,0.00525000,0.00529000,0.00519000,0.00526000,32531134.40000000,1770220799999999,170973.34074300,874,16414978.80000000,86307.95998000,0
1770220800000000,0.00525000,0.00527000,0.00518000,0.00522000,19522667.30000000,1770224399999999,102065.91895900,502,10639406.70000000,55646.04009100,0
1770224400000000,0.00522000,0.00526000,0.00517000,0.00521000,14644049.50000000,1770227999999999,76251.80618700,434,7835597.40000000,40815.61369300,0
1770228000000000,0.00520000,0.00529000,0.00516000,0.00526000,18030595.20000000,1770231599999999,94406.35673600,591,10366127.50000000,54291.72529900,0
1770231600000000,0.00525000,0.00534000,0.00525000,0.00532000,12065198.80000000,1770235199999999,63960.56113400,356,6233939.80000000,33049.17731700,0
1770235200000000,0.00532000,0.00535000,0.00529000,0.00530000,10269799.50000000,1770238799999999,54687.56841300,1887,6524283.30000000,34754.68428100,0
1770238800000000,0.00531000,0.00532000,0.00525000,0.00527000,10648720.00000000,1770242399999999,56263.04710200,457,6328782.50000000,33450.62985300,0
1770242400000000,0.00528000,0.00531000,0.00518000,0.00522000,13791158.70000000,1770245999999999,72197.56972900,432,10037956.30000000,52540.23616400,0
1770246000000000,0.00522000,0.00534000,0.00520000,0.00528000,20058620.80000000,1770249599999999,105956.38616200,760,13818844.40000000,73027.41625500,0
1770249600000000,0.00528000,0.00530000,0.00512000,0.00513000,37812508.70000000,1770253199999999,196600.76709100,1165,18977019.60000000,98717.23170800,0
1770253200000000,0.00514000,0.00521000,0.00510000,0.00513000,22652080.20000000,1770256799999999,116759.23550800,659,12415792.00000000,64031.48950000,0
1770256800000000,0.00514000,0.00520000,0.00509000,0.00512000,24294650.10000000,1770260399999999,124903.69401400,827,14682454.40000000,75494.13061800,0
1770260400000000,0.00512000,0.00514000,0.00502000,0.00504000,21978599.20000000,1770263999999999,111686.43624700,575,11092826.20000000,56346.06999000,0
1770264000000000,0.00505000,0.00507000,0.00499000,0.00500000,17426245.00000000,1770267599999999,87568.37988700,538,8123326.60000000,40830.53508100,0
1770267600000000,0.00501000,0.00502000,0.00496000,0.00499000,15007598.70000000,1770271199999999,74894.85088000,396,7073513.30000000,35291.34733900,0
1770271200000000,0.00499000,0.00499000,0.00494000,0.00496000,13855593.30000000,1770274799999999,68739.99047600,311,6904934.20000000,34229.21053500,0
1770274800000000,0.00497000,0.00503000,0.00497000,0.00499000,12811858.40000000,1770278399999999,64111.72568600,267,6108434.40000000,30581.17225200,0
1770278400000000,0.00500000,0.00508000,0.00499000,0.00506000,32810918.10000000,1770281999999999,165391.79936400,1097,25676130.50000000,129418.12957300,0
1770282000000000,0.00506000,0.00516000,0.00506000,0.00514000,22157122.30000000,1770285599999999,113296.31839900,753,14906595.90000000,76240.00017200,0
1770285600000000,0.00514000,0.00516000,0.00500000,0.00500000,15545648.20000000,1770289199999999,79502.89731700,433,9540837.60000000,48848.89506200,0
1770289200000000,0.00501000,0.00502000,0.00492000,0.00494000,26416179.50000000,1770292799999999,130978.23385400,758,11543302.20000000,57253.17682200,0
1770292800000000,0.00494000,0.00495000,0.00487000,0.00488000,21296365.90000000,1770296399999999,104346.46738500,649,7473666.40000000,36606.72272700,0
1770296400000000,0.00488000,0.00491000,0.00484000,0.00485000,10983004.20000000,1770299999999999,53468.32861300,211,5985037.50000000,29144.23387500,0
1770300000000000,0.00485000,0.00508000,0.00485000,0.00498000,113444657.50000000,1770303599999999,566656.93093500,2116,36972401.80000000,184252.07113300,0
1770303600000000,0.00499000,0.00502000,0.00470000,0.00478000,92590792.70000000,1770307199999999,453201.71420700,2071,36989552.40000000,180623.22842400,0
1770307200000000,0.00478000,0.00485000,0.00474000,0.00479000,18153783.30000000,1770310799999999,86933.83333500,517,9146919.80000000,43811.55747900,0
1770310800000000,0.00480000,0.00482000,0.00469000,0.00471000,20239821.60000000,1770314399999999,96213.78923100,541,11441036.20000000,54388.01470500,0
1770314400000000,0.00471000,0.00473000,0.00463000,0.00471000,14781429.40000000,1770317999999999,69159.10035400,417,7209049.20000000,33710.42829200,0
1770318000000000,0.00470000,0.00472000,0.00462000,0.00462000,8669434.60000000,1770321599999999,40380.33944400,228,4833236.50000000,22512.00501100,0
1770321600000000,0.00462000,0.00465000,0.00440000,0.00449000,28968228.90000000,1770325199999999,130331.35835700,783,15687748.30000000,70545.46581800,0
1770325200000000,0.00448000,0.00456000,0.00439000,0.00442000,16697658.90000000,1770328799999999,74762.23983100,441,8252223.20000000,36923.69481400,0
1770328800000000,0.00443000,0.00452000,0.00437000,0.00444000,11520684.30000000,1770332399999999,51173.99875900,355,4844368.50000000,21499.63092200,0
1770332400000000,0.00444000,0.00449000,0.00433000,0.00434000,6789954.50000000,1770335999999999,29935.57997400,216,2488182.40000000,11009.59931900,0
1770336000000000,0.00435000,0.00437000,0.00394000,0.00432000,51194213.80000000,1770339599999999,212677.43118300,2069,27969739.90000000,116209.17939000,0
1770339600000000,0.00432000,0.00451000,0.00430000,0.00449000,9557013.60000000,1770343199999999,41892.48975200,458,3729044.90000000,16393.35084300,0
1770343200000000,0.00450000,0.00452000,0.00438000,0.00442000,6123897.90000000,1770346799999999,27164.00437300,212,3140276.50000000,13917.61353900,0
1770346800000000,0.00442000,0.00445000,0.00437000,0.00445000,12133422.60000000,1770350399999999,53551.42237500,245,5735370.00000000,25317.25501800,0
1770350400000000,0.00445000,0.00450000,0.00443000,0.00449000,4969357.90000000,1770353999999999,22245.74052900,189,2443607.00000000,10940.63162400,0
1770354000000000,0.00448000,0.00460000,0.00448000,0.00459000,6179245.20000000,1770357599999999,27972.34469700,223,3116499.50000000,14098.07137900,0
1770357600000000,0.00459000,0.00461000,0.00448000,0.00449000,8329980.30000000,1770361199999999,37857.74390700,390,3032993.90000000,13821.85350600,0
1770361200000000,0.00449000,0.00457000,0.00445000,0.00456000,6092155.60000000,1770364799999999,27389.34502300,244,3734797.30000000,16773.10875800,0
1770364800000000,0.00456000,0.00460000,0.00450000,0.00452000,7444939.00000000,1770368399999999,33874.43133000,410,3223884.00000000,14676.80351800,0
1770368400000000,0.00452000,0.00462000,0.00450000,0.00460000,7692450.50000000,1770371999999999,35124.59054300,382,4674772.60000000,21384.84117300,0
1770372000000000,0.00459000,0.00463000,0.00458000,0.00462000,7913744.70000000,1770375599999999,36492.86764100,305,3987325.10000000,18383.53431500,0
1770375600000000,0.00462000,0.00464000,0.00459000,0.00461000,5170429.80000000,1770379199999999,23851.75022800,310,1525989.70000000,7042.10166000,0
1770379200000000,0.00461000,0.00461000,0.00454000,0.00460000,24277780.40000000,1770382799999999,111111.36246200,775,15295647.40000000,70011.42979800,0
1770382800000000,0.00460000,0.00464000,0.00457000,0.00461000,10918531.40000000,1770386399999999,50170.86944900,358,2402163.50000000,11064.33609600,0
1770386400000000,0.00461000,0.00471000,0.00459000,0.00470000,14043398.70000000,1770389999999999,65357.31247800,884,7792495.20000000,36267.00958300,0
1770390000000000,0.00470000,0.00473000,0.00467000,0.00472000,7166359.90000000,1770393599999999,33699.35732800,386,2953610.00000000,13884.75840300,0
1770393600000000,0.00471000,0.00483000,0.00469000,0.00482000,7072078.60000000,1770397199999999,33710.06675100,525,2890084.70000000,13785.16733000,0
1770397200000000,0.00481000,0.00491000,0.00480000,0.00490000,11484047.40000000,1770400799999999,55947.58077100,875,4538668.70000000,22094.22182800,0
1770400800000000,0.00489000,0.00489000,0.00477000,0.00479000,14405201.50000000,1770404399999999,69357.11943300,542,6062340.40000000,29210.42733300,0
1770404400000000,0.00479000,0.00482000,0.00475000,0.00482000,4258305.40000000,1770407999999999,20379.66120700,265,2180523.10000000,10434.73557500,0
1770408000000000,0.00482000,0.00483000,0.00476000,0.00476000,4980282.70000000,1770411599999999,23865.83427700,204,2210013.70000000,10589.43663900,0
1770411600000000,0.00476000,0.00482000,0.00475000,0.00481000,4066874.90000000,1770415199999999,19462.01283700,172,2020365.50000000,9673.82271800,0
1770415200000000,0.00481000,0.00486000,0.00481000,0.00486000,4884830.40000000,1770418799999999,23601.69365800,389,2715044.70000000,13127.36953900,0
1770418800000000,0.00486000,0.00487000,0.00479000,0.00479000,5820595.80000000,1770422399999999,28075.74968300,596,1501704.40000000,7244.34193300,0
1770422400000000,0.00478000,0.00482000,0.00473000,0.00475000,6948664.00000000,1770425999999999,33195.05900300,360,2519895.80000000,12042.61000700,0
1770426000000000,0.00474000,0.00475000,0.00469000,0.00475000,12006637.10000000,1770429599999999,56631.84948600,633,5441175.60000000,25665.05901400,0
1770429600000000,0.00475000,0.00477000,0.00473000,0.00473000,3880667.10000000,1770433199999999,18399.46778400,230,2713367.60000000,12865.54553500,0
1770433200000000,0.00474000,0.00480000,0.00473000,0.00479000,8290430.40000000,1770436799999999,39600.56139300,488,4763973.10000000,22745.74525100,0
1770436800000000,0.00478000,0.00481000,0.00472000,0.00475000,9597697.20000000,1770440399999999,45766.00918300,804,4702610.00000000,22473.32317900,0
1770440400000000,0.00474000,0.00476000,0.00470000,0.00471000,7255507.60000000,1770443999999999,34380.53666900,702,2856371.00000000,13545.23437500,0
1770444000000000,0.00472000,0.00474000,0.00464000,0.00464000,7437507.60000000,1770447599999999,35001.53705700,767,4281076.60000000,20146.95656400,0
1770447600000000,0.00464000,0.00471000,0.00453000,0.00461000,33841737.00000000,1770451199999999,156729.09638300,1615,20584316.90000000,95428.94350000,0
1770451200000000,0.00461000,0.00468000,0.00460000,0.00466000,10374944.50000000,1770454799999999,48220.63748100,477,5173538.10000000,24028.76750400,0
1770454800000000,0.00467000,0.00469000,0.00461000,0.00463000,7101454.00000000,1770458399999999,32977.79878200,266,3784528.20000000,17586.34704500,0
1770458400000000,0.00463000,0.00464000,0.00459000,0.00462000,6286598.70000000,1770461999999999,28967.63908400,323,3277163.00000000,15109.93347800,0
1770462000000000,0.00462000,0.00464000,0.00461000,0.00462000,2002440.30000000,1770465599999999,9251.11676900,226,892641.30000000,4126.01716900,0
1770465600000000,0.00462000,0.00474000,0.00462000,0.00469000,7578663.20000000,1770469199999999,35546.54990100,448,2946132.50000000,13803.35121400,0
1770469200000000,0.00470000,0.00471000,0.00465000,0.00466000,4394507.00000000,1770472799999999,20515.83970400,177,2477269.00000000,11566.32829300,0
1770472800000000,0.00466000,0.00467000,0.00462000,0.00462000,3346605.00000000,1770476399999999,15575.58922200,134,1988666.70000000,9261.22749300,0
1770476400000000,0.00462000,0.00470000,0.00461000,0.00469000,5086044.50000000,1770479999999999,23674.83446200,199,3621583.30000000,16850.10094200,0
1770480000000000,0.00469000,0.00479000,0.00467000,0.00468000,30662789.30000000,1770483599999999,145015.26893100,1294,15476153.10000000,73197.61850600,0
1770483600000000,0.00468000,0.00469000,0.00464000,0.00467000,2076943.50000000,1770487199999999,9694.89493600,124,1014530.90000000,4738.60529200,0
1770487200000000,0.00468000,0.00477000,0.00468000,0.00475000,6887682.30000000,1770490799999999,32604.83687500,487,5267588.80000000,24938.59899100,0
1770490800000000,0.00475000,0.00476000,0.00473000,0.00473000,3070158.40000000,1770494399999999,14564.61745700,377,1255164.50000000,5957.58480200,0
1770494400000000,0.00474000,0.00476000,0.00472000,0.00474000,5752346.20000000,1770497999999999,27244.23626700,423,3356315.20000000,15896.26542200,0
1770498000000000,0.00475000,0.00476000,0.00473000,0.00474000,943330.00000000,1770501599999999,4472.44310300,154,336604.20000000,1595.67459800,0
1770501600000000,0.00473000,0.00474000,0.00471000,0.00472000,1574139.70000000,1770505199999999,7443.25745400,136,865035.00000000,4088.87652900,0
1770505200000000,0.00473000,0.00476000,0.00472000,0.00476000,3185457.00000000,1770508799999999,15087.59239500,361,2190227.40000000,10375.72756900,0
1770508800000000,0.00476000,0.00480000,0.00473000,0.00473000,11106283.70000000,1770512399999999,52927.99917200,1025,6644254.90000000,31700.46956300,0
1770512400000000,0.00473000,0.00475000,0.00472000,0.00474000,8248934.70000000,1770515999999999,39051.49780400,691,3028104.00000000,14342.26253500,0
1770516000000000,0.00474000,0.00475000,0.00471000,0.00472000,3296742.70000000,1770519599999999,15604.25419200,139,706681.90000000,3347.83423000,0
1770519600000000,0.00473000,0.00473000,0.00467000,0.00467000,3694027.10000000,1770523199999999,17353.84023400,170,1500665.80000000,7049.66781400,0
1770523200000000,0.00467000,0.00469000,0.00466000,0.00466000,1520979.10000000,1770526799999999,7103.75781000,75,995629.30000000,4651.03179000,0
1770526800000000,0.00467000,0.00467000,0.00463000,0.00463000,2819830.10000000,1770530399999999,13111.24445600,103,1311044.70000000,6097.15173900,0
1770530400000000,0.00463000,0.00463000,0.00461000,0.00461000,3611860.50000000,1770533999999999,16673.15310300,147,1558255.60000000,7193.78747300,0
1770534000000000,0.00462000,0.00463000,0.00459000,0.00462000,7642093.50000000,1770537599999999,35227.71766700,256,2007944.70000000,9261.91386300,0
1770537600000000,0.00461000,0.00481000,0.00458000,0.00481000,48186841.80000000,1770541199999999,228269.55987900,2710,30033538.60000000,142337.50641100,0
1770541200000000,0.00481000,0.00494000,0.00475000,0.00477000,40508121.50000000,1770544799999999,197035.32421000,1576,23494832.50000000,114344.31206100,0
1770544800000000,0.00477000,0.00478000,0.00468000,0.00470000,12193613.00000000,1770548399999999,57860.28795000,313,6716099.60000000,31894.20321100,0
1770548400000000,0.00471000,0.00473000,0.00469000,0.00472000,10916919.00000000,1770551999999999,51340.58258400,279,4362990.50000000,20534.92254600,0
1770552000000000,0.00472000,0.00473000,0.00468000,0.00469000,3284541.40000000,1770555599999999,15438.22749500,111,1144798.10000000,5383.30996000,0
1770555600000000,0.00470000,0.00471000,0.00467000,0.00468000,4561560.40000000,1770559199999999,21415.54432700,129,1939317.50000000,9107.06746100,0
1770559200000000,0.00469000,0.00473000,0.00468000,0.00471000,4761365.90000000,1770562799999999,22417.15005000,150,2714069.90000000,12764.22612700,0
1770562800000000,0.00471000,0.00472000,0.00464000,0.00466000,4102848.40000000,1770566399999999,19222.37920400,160,1264090.10000000,5924.72419700,0
1770566400000000,0.00465000,0.00468000,0.00457000,0.00457000,4180655.50000000,1770569999999999,19367.94617300,125,2173252.30000000,10070.32590000,0
1770570000000000,0.00459000,0.00463000,0.00458000,0.00460000,4857065.10000000,1770573599999999,22370.58225000,157,2265732.40000000,10446.06263300,0
1770573600000000,0.00461000,0.00466000,0.00461000,0.00464000,1802997.40000000,1770577199999999,8350.02476300,48,896723.30000000,4151.13323500,0
1770577200000000,0.00465000,0.00466000,0.00463000,0.00466000,1917176.30000000,1770580799999999,8898.60251700,86,943188.20000000,4380.63331200,0
1770580800000000,0.00465000,0.00465000,0.00459000,0.00460000,3418089.40000000,1770584399999999,15768.33991200,145,1550007.80000000,7154.84190800,0
1770584400000000,0.00461000,0.00462000,0.00458000,0.00460000,3762532.50000000,1770587999999999,17317.69019700,111,2476011.70000000,11395.95425900,0
1770588000000000,0.00460000,0.00463000,0.00460000,0.00463000,799396.10000000,1770591599999999,3687.70988000,71,494174.80000000,2279.82038000,0
1770591600000000,0.00462000,0.00470000,0.00456000,0.00459000,3363130.50000000,1770595199999999,15518.15261800,160,1716734.80000000,7925.98005500,0
1770595200000000,0.00459000,0.00470000,0.00459000,0.00465000,16047488.60000000,1770598799999999,74391.04935500,556,9121435.00000000,42299.77532000,0
1770598800000000,0.00464000,0.00467000,0.00459000,0.00459000,4455457.90000000,1770602399999999,20590.95736300,157,2072948.60000000,9582.06706500,0
1770602400000000,0.00459000,0.00464000,0.00458000,0.00461000,2724113.90000000,1770605999999999,12569.05278000,75,1277388.50000000,5897.50285700,0
1770606000000000,0.00462000,0.00467000,0.00460000,0.00465000,2977738.80000000,1770609599999999,13774.83649100,142,1402828.50000000,6484.97537300,0
1770609600000000,0.00464000,0.00465000,0.00462000,0.00463000,2249838.80000000,1770613199999999,10434.04376500,106,910867.20000000,4224.54522600,0
1770613200000000,0.00463000,0.00464000,0.00461000,0.00464000,1484236.80000000,1770616799999999,6874.96653600,59,825291.70000000,3822.36264900,0
1770616800000000,0.00463000,0.00463000,0.00459000,0.00463000,667685.50000000,1770620399999999,3073.89074200,55,206985.40000000,954.60248300,0
1770620400000000,0.00461000,0.00462000,0.00458000,0.00458000,2279922.90000000,1770623999999999,10491.23853000,124,884228.50000000,4070.66093800,0
1770624000000000,0.00458000,0.00459000,0.00450000,0.00453000,3849458.10000000,1770627599999999,17500.97299600,206,1417707.20000000,6443.17269000,0
1770627600000000,0.00452000,0.00453000,0.00446000,0.00447000,8251973.70000000,1770631199999999,37096.81551900,262,2058016.90000000,9269.45032800,0
1770631200000000,0.00447000,0.00449000,0.00440000,0.00442000,4424967.20000000,1770634799999999,19669.12895900,206,2146113.90000000,9522.99795700,0
1770634800000000,0.00443000,0.00447000,0.00443000,0.00446000,2130714.30000000,1770638399999999,9487.22880500,108,1305288.90000000,5808.74217200,0
1770638400000000,0.00446000,0.00450000,0.00445000,0.00447000,2255401.90000000,1770641999999999,10077.49972800,113,729529.70000000,3259.36997900,0
1770642000000000,0.00446000,0.00448000,0.00442000,0.00442000,8593883.70000000,1770645599999999,38304.38830800,348,3753381.70000000,16727.21718000,0
1770645600000000,0.00441000,0.00449000,0.00440000,0.00448000,11751876.50000000,1770649199999999,52157.09687500,523,6183254.90000000,27473.97179400,0
1770649200000000,0.00449000,0.00452000,0.00445000,0.00450000,4479461.60000000,1770652799999999,20135.56056900,319,2682410.00000000,12063.26576500,0
1770652800000000,0.00451000,0.00456000,0.00448000,0.00454000,3316494.00000000,1770656399999999,14966.81197700,212,1881866.60000000,8493.93602400,0
1770656400000000,0.00453000,0.00459000,0.00452000,0.00458000,1921237.60000000,1770659999999999,8745.49140000,146,955100.00000000,4342.65212500,0
1770660000000000,0.00458000,0.00459000,0.00453000,0.00455000,2893004.80000000,1770663599999999,13178.66543600,110,1451504.70000000,6617.34437500,0
1770663600000000,0.00455000,0.00457000,0.00454000,0.00456000,1920810.80000000,1770667199999999,8747.06508000,86,1002462.30000000,4567.19931600,0
1770667200000000,0.00456000,0.00457000,0.00451000,0.00453000,2672639.30000000,1770670799999999,12130.15594900,114,1491922.60000000,6774.57837600,0
1770670800000000,0.00453000,0.00454000,0.00449000,0.00454000,1415727.00000000,1770674399999999,6398.11802400,80,745750.40000000,3372.17709200,0
1770674400000000,0.00453000,0.00455000,0.00453000,0.00454000,742356.20000000,1770677999999999,3369.76324800,53,324595.50000000,1474.43534700,0
1770678000000000,0.00455000,0.00455000,0.00453000,0.00454000,2345406.20000000,1770681599999999,10645.26294100,257,1336660.70000000,6066.41485800,0
1770681600000000,0.00455000,0.00455000,0.00446000,0.00447000,6411567.20000000,1770685199999999,28775.37585900,363,3671333.30000000,16465.95584200,0
1770685200000000,0.00448000,0.00451000,0.00448000,0.00450000,1607754.90000000,1770688799999999,7226.04313800,68,1131230.50000000,5082.81836700,0
1770688800000000,0.00450000,0.00451000,0.00449000,0.00449000,2672217.40000000,1770692399999999,12020.85792200,191,1782193.20000000,8018.74092400,0
1770692400000000,0.00449000,0.00449000,0.00439000,0.00441000,2302274.20000000,1770695999999999,10207.29447600,121,804358.20000000,3554.27472800,0
1770696000000000,0.00442000,0.00447000,0.00442000,0.00447000,956352.30000000,1770699599999999,4258.45756200,53,654883.90000000,2915.58600400,0
1770699600000000,0.00447000,0.00447000,0.00441000,0.00443000,1904821.40000000,1770703199999999,8450.56699300,187,763570.60000000,3383.95579900,0
1770703200000000,0.00442000,0.00442000,0.00435000,0.00437000,4407223.20000000,1770706799999999,19353.34162700,227,2677542.40000000,11761.50894800,0
1770706800000000,0.00438000,0.00442000,0.00438000,0.00441000,2106197.30000000,1770710399999999,9276.40895700,70,1256296.40000000,5531.43305100,0
1770710400000000,0.00440000,0.00443000,0.00440000,0.00442000,2494902.50000000,1770713999999999,10999.97679300,184,1035768.80000000,4567.82386600,0
1770714000000000,0.00443000,0.00444000,0.00440000,0.00441000,1364325.30000000,1770717599999999,6030.02199900,88,629898.10000000,2783.47080200,0
1770717600000000,0.00442000,0.00442000,0.00439000,0.00441000,1415654.20000000,1770721199999999,6236.80970000,106,593500.80000000,2615.54844400,0
1770721200000000,0.00441000,0.00442000,0.00438000,0.00438000,2471543.80000000,1770724799999999,10855.04874200,88,817007.50000000,3596.11423400,0
1770724800000000,0.00439000,0.00440000,0.00436000,0.00436000,2610136.30000000,1770728399999999,11404.95516900,72,1242648.60000000,5432.30865500,0
1770728400000000,0.00436000,0.00440000,0.00436000,0.00438000,3272828.60000000,1770731999999999,14329.10925500,182,1449320.60000000,6346.46984700,0
1770732000000000,0.00439000,0.00442000,0.00436000,0.00440000,6734672.50000000,1770735599999999,29529.79112800,270,3381512.90000000,14825.52763500,0
1770735600000000,0.00439000,0.00445000,0.00439000,0.00445000,2300709.90000000,1770739199999999,10174.29728600,103,910106.50000000,4020.86100400,0
1770739200000000,0.00444000,0.00445000,0.00441000,0.00444000,4097774.60000000,1770742799999999,18140.31742000,182,2036472.90000000,9018.22643100,0
1770742800000000,0.00443000,0.00445000,0.00442000,0.00444000,1810771.40000000,1770746399999999,8023.82739500,99,942280.40000000,4175.03406100,0
1770746400000000,0.00444000,0.00444000,0.00437000,0.00439000,1387046.00000000,1770749999999999,6104.21222100,83,665012.50000000,2926.77596500,0
1770750000000000,0.00439000,0.00445000,0.00438000,0.00445000,1561652.40000000,1770753599999999,6894.13488700,90,969568.40000000,4280.26126300,0
1770753600000000,0.00444000,0.00445000,0.00442000,0.00443000,1480947.30000000,1770757199999999,6563.06175700,73,823533.80000000,3650.51551800,0
1770757200000000,0.00444000,0.00445000,0.00441000,0.00442000,3689954.50000000,1770760799999999,16347.97780500,131,1173670.90000000,5201.87049000,0
1770760800000000,0.00442000,0.00444000,0.00442000,0.00443000,661811.90000000,1770764399999999,2930.45072800,47,250688.70000000,1110.23171700,0
1770764400000000,0.00442000,0.00443000,0.00440000,0.00443000,1115059.10000000,1770767999999999,4921.29493900,56,429478.80000000,1896.83622000,0
1770768000000000,0.00443000,0.00443000,0.00441000,0.00442000,1911147.20000000,1770771599999999,8442.32313200,171,609400.50000000,2691.93312300,0
1770771600000000,0.00441000,0.00444000,0.00441000,0.00444000,2112689.70000000,1770775199999999,9351.90160900,83,1122130.90000000,4968.80418600,0
1770775200000000,0.00445000,0.00446000,0.00440000,0.00440000,3736710.10000000,1770778799999999,16574.95173800,210,1897012.20000000,8418.86295600,0
1770778800000000,0.00441000,0.00443000,0.00437000,0.00441000,2198219.00000000,1770782399999999,9672.87515900,99,1347134.40000000,5922.93074200,0
1770782400000000,0.00441000,0.00442000,0.00434000,0.00435000,4289592.70000000,1770785999999999,18762.95613000,230,1916081.20000000,8381.21960200,0
1770786000000000,0.00436000,0.00437000,0.00432000,0.00434000,2151288.70000000,1770789599999999,9366.95113400,177,1233831.00000000,5376.87836300,0
1770789600000000,0.00433000,0.00433000,0.00428000,0.00428000,3434270.20000000,1770793199999999,14782.76900900,236,1645319.90000000,7087.77544800,0
1770793200000000,0.00429000,0.00430000,0.00427000,0.00429000,2165187.90000000,1770796799999999,9281.23850900,132,773224.90000000,3316.61771000,0
1770796800000000,0.00428000,0.00429000,0.00427000,0.00429000,1275042.70000000,1770800399999999,5455.43607800,95,709740.80000000,3037.69566800,0
1770800400000000,0.00430000,0.00430000,0.00427000,0.00427000,1059915.60000000,1770803999999999,4543.76522900,56,403449.50000000,1731.22639500,0
1770804000000000,0.00427000,0.00427000,0.00424000,0.00426000,1797619.20000000,1770807599999999,7655.33921700,111,971694.60000000,4138.43447300,0
1770807600000000,0.00426000,0.00432000,0.00426000,0.00432000,2016217.20000000,1770811199999999,8649.25583300,115,844991.80000000,3625.47888600,0
1770811200000000,0.00431000,0.00434000,0.00430000,0.00433000,1786121.40000000,1770814799999999,7717.47468600,249,950546.00000000,4107.10639800,0
1770814800000000,0.00433000,0.00436000,0.00431000,0.00436000,5499824.10000000,1770818399999999,23826.49021900,159,3343007.60000000,14480.88811200,0
1770818400000000,0.00437000,0.00448000,0.00432000,0.00432000,6445971.50000000,1770821999999999,28379.29022000,352,2852120.60000000,12546.48621300,0
1770822000000000,0.00432000,0.00434000,0.00428000,0.00433000,4181255.70000000,1770825599999999,18024.93108200,250,2099327.10000000,9047.87940900,0
1770825600000000,0.00433000,0.00438000,0.00430000,0.00430000,1816787.80000000,1770829199999999,7887.16178200,122,944388.50000000,4099.66936500,0
1770829200000000,0.00430000,0.00441000,0.00429000,0.00437000,3306064.10000000,1770832799999999,14456.21489300,199,2013726.40000000,8814.03858400,0
1770832800000000,0.00437000,0.00444000,0.00433000,0.00442000,7857056.90000000,1770836399999999,34677.08985500,311,3253819.10000000,14365.02767000,0
1770836400000000,0.00442000,0.00443000,0.00439000,0.00440000,3351342.10000000,1770839999999999,14795.17913800,359,1544900.20000000,6817.07871500,0
1770840000000000,0.00440000,0.00445000,0.00438000,0.00443000,1819088.70000000,1770843599999999,8012.39909600,129,1119035.10000000,4925.02047000,0
1770843600000000,0.00444000,0.00448000,0.00443000,0.00447000,4099598.10000000,1770847199999999,18247.50458600,496,1448371.80000000,6457.13607500,0
1770847200000000,0.00446000,0.00448000,0.00444000,0.00444000,2589995.20000000,1770850799999999,11570.66939600,208,1093335.30000000,4885.62109800,0
1770850800000000,0.00443000,0.00444000,0.00439000,0.00443000,8498769.70000000,1770854399999999,37550.07909600,491,2339070.60000000,10328.77228700,0
1770854400000000,0.00443000,0.00446000,0.00443000,0.00445000,1672046.70000000,1770857999999999,7435.94880600,156,745340.50000000,3315.21238800,0
1770858000000000,0.00446000,0.00449000,0.00445000,0.00446000,2241324.40000000,1770861599999999,10016.36760500,181,1016009.10000000,4538.19107200,0
1770861600000000,0.00446000,0.00448000,0.00444000,0.00447000,1364745.70000000,1770865199999999,6086.63322300,82,701230.10000000,3130.43596500,0
1770865200000000,0.00447000,0.00452000,0.00447000,0.00450000,2390053.00000000,1770868799999999,10760.87920000,163,1297148.70000000,5836.26541100,0
1770868800000000,0.00450000,0.00453000,0.00448000,0.00452000,4697866.80000000,1770872399999999,21168.22460600,302,2126384.30000000,9587.27135900,0
1770872400000000,0.00453000,0.00454000,0.00450000,0.00453000,1360394.00000000,1770875999999999,6151.17377800,92,861727.10000000,3895.45940800,0
1770876000000000,0.00454000,0.00458000,0.00454000,0.00457000,1296719.20000000,1770879599999999,5915.40041200,85,682890.00000000,3115.02050300,0
1770879600000000,0.00457000,0.00460000,0.00455000,0.00459000,1592068.20000000,1770883199999999,7282.06534400,189,1012811.30000000,4635.04511500,0
1770883200000000,0.00459000,0.00461000,0.00456000,0.00458000,4252885.50000000,1770886799999999,19497.88328800,328,1754381.30000000,8042.09132500,0
1770886800000000,0.00458000,0.00460000,0.00457000,0.00460000,1575106.50000000,1770890399999999,7227.93747100,93,832163.00000000,3818.48881700,0
1770890400000000,0.00460000,0.00464000,0.00459000,0.00463000,1305417.50000000,1770893999999999,6028.84934000,182,715129.60000000,3301.42364000,0
1770894000000000,0.00464000,0.00464000,0.00460000,0.00462000,1493412.60000000,1770897599999999,6902.39243400,83,695956.20000000,3219.15938400,0
1770897600000000,0.00462000,0.00462000,0.00458000,0.00458000,1651784.60000000,1770901199999999,7611.88693800,75,681931.50000000,3145.84231100,0
1770901200000000,0.00458000,0.00460000,0.00454000,0.00460000,4267065.90000000,1770904799999999,19505.86954300,221,1969745.20000000,9017.13579600,0
1770904800000000,0.00458000,0.00458000,0.00454000,0.00457000,3315402.70000000,1770908399999999,15101.43407800,159,1273249.90000000,5801.80532900,0
1770908400000000,0.00456000,0.00460000,0.00453000,0.00453000,4412193.90000000,1770911999999999,20103.27658100,270,1699754.80000000,7755.53721300,0
1770912000000000,0.00454000,0.00454000,0.00444000,0.00445000,3780634.10000000,1770915599999999,16978.40445900,296,1862342.30000000,8364.17407000,0
1770915600000000,0.00446000,0.00447000,0.00443000,0.00444000,4789973.00000000,1770919199999999,21319.61697700,398,2284362.90000000,10164.71175200,0
1770919200000000,0.00444000,0.00448000,0.00444000,0.00446000,3435778.60000000,1770922799999999,15329.02227400,311,1326584.50000000,5918.84812400,0
1770922800000000,0.00447000,0.00454000,0.00447000,0.00449000,1297246.90000000,1770926399999999,5833.52766400,202,483680.80000000,2173.50400100,0
1770926400000000,0.00449000,0.00450000,0.00445000,0.00446000,2510814.70000000,1770929999999999,11240.46805300,284,1074821.30000000,4810.36942400,0
1770930000000000,0.00446000,0.00449000,0.00446000,0.00449000,1167913.80000000,1770933599999999,5231.13132800,118,655402.60000000,2936.41099300,0
1770933600000000,0.00449000,0.00456000,0.00448000,0.00455000,726086.50000000,1770937199999999,3275.85845400,63,403845.00000000,1818.33668000,0
1770937200000000,0.00454000,0.00457000,0.00454000,0.00454000,1092831.30000000,1770940799999999,4975.55618400,59,428071.20000000,1948.46629200,0
1770940800000000,0.00454000,0.00457000,0.00449000,0.00450000,7693560.60000000,1770944399999999,34695.10854900,236,1705790.40000000,7700.48575900,0
1770944400000000,0.00450000,0.00454000,0.00450000,0.00452000,2765389.70000000,1770947999999999,12501.77493200,214,1714775.70000000,7752.01335500,0
1770948000000000,0.00452000,0.00453000,0.00451000,0.00452000,1839200.30000000,1770951599999999,8313.65487400,214,1287671.90000000,5821.66227200,0
1770951600000000,0.00452000,0.00454000,0.00451000,0.00452000,1670038.00000000,1770955199999999,7554.63730300,106,919604.00000000,4159.89197100,0
1770955200000000,0.00452000,0.00452000,0.00451000,0.00451000,1187956.90000000,1770958799999999,5363.32591800,79,520663.10000000,2350.88568000,0
1770958800000000,0.00451000,0.00452000,0.00448000,0.00449000,2448960.70000000,1770962399999999,11019.86846800,138,980572.10000000,4414.12513600,0
1770962400000000,0.00449000,0.00450000,0.00447000,0.00450000,1643522.50000000,1770965999999999,7368.85671600,154,872101.10000000,3912.80569000,0
1770966000000000,0.00451000,0.00454000,0.00450000,0.00451000,1233356.90000000,1770969599999999,5577.87874300,114,537827.60000000,2432.63648600,0
1770969600000000,0.00451000,0.00458000,0.00451000,0.00457000,1501148.40000000,1770973199999999,6840.01798600,170,877200.20000000,3994.80379600,0
1770973200000000,0.00457000,0.00457000,0.00454000,0.00454000,2145693.00000000,1770976799999999,9783.28956300,132,978681.50000000,4463.48254400,0
1770976800000000,0.00454000,0.00457000,0.00454000,0.00456000,2310870.40000000,1770980399999999,10513.02798200,205,1183403.70000000,5386.21538500,0
1770980400000000,0.00457000,0.00457000,0.00455000,0.00456000,945735.60000000,1770983999999999,4318.55569400,66,677572.20000000,3095.32776900,0
1770984000000000,0.00456000,0.00456000,0.00454000,0.00455000,3180286.10000000,1770987599999999,14472.49277900,158,1571000.70000000,7150.08579000,0
1770987600000000,0.00456000,0.00459000,0.00454000,0.00457000,2002159.20000000,1770991199999999,9142.11182700,126,1294805.70000000,5913.61835000,0
1770991200000000,0.00456000,0.00459000,0.00453000,0.00456000,7425364.80000000,1770994799999999,33899.25775500,524,2775653.00000000,12671.13325900,0
1770994800000000,0.00456000,0.00462000,0.00455000,0.00458000,7514376.30000000,1770998399999999,34351.95928500,749,3131234.70000000,14330.93682400,0
1770998400000000,0.00460000,0.00465000,0.00460000,0.00464000,3535395.40000000,1771001999999999,16371.55432100,366,2009091.40000000,9305.27964600,0
1771002000000000,0.00464000,0.00465000,0.00463000,0.00463000,3733053.90000000,1771005599999999,17326.19342600,294,2430537.80000000,11285.64154900,0
1771005600000000,0.00463000,0.00463000,0.00461000,0.00463000,1030679.90000000,1771009199999999,4767.70401400,82,542321.10000000,2508.75111100,0
1771009200000000,0.00463000,0.00465000,0.00462000,0.00463000,3125231.40000000,1771012799999999,14504.10675200,194,1978056.50000000,9184.05836800,0
1771012800000000,0.00463000,0.00466000,0.00463000,0.00465000,2614795.30000000,1771016399999999,12137.81477300,258,1386113.40000000,6433.96184000,0
1771016400000000,0.00465000,0.00467000,0.00464000,0.00465000,3651632.80000000,1771019999999999,16992.96457500,237,1771811.70000000,8246.09536500,0
1771020000000000,0.00465000,0.00465000,0.00462000,0.00463000,3974365.20000000,1771023599999999,18423.08733200,325,1162897.40000000,5389.24379400,0
1771023600000000,0.00464000,0.00464000,0.00462000,0.00463000,5566815.00000000,1771027199999999,25755.79110100,413,1346215.30000000,6234.48922300,0
1771027200000000,0.00463000,0.00466000,0.00462000,0.00465000,3084267.70000000,1771030799999999,14305.13499100,245,1719060.70000000,7974.27359800,0
1771030800000000,0.00465000,0.00466000,0.00464000,0.00465000,2654404.70000000,1771034399999999,12344.65678700,234,1341462.80000000,6241.43081200,0
1771034400000000,0.00465000,0.00466000,0.00464000,0.00465000,1515936.40000000,1771037999999999,7057.94966600,326,746760.30000000,3478.85033800,0
1771038000000000,0.00465000,0.00467000,0.00464000,0.00466000,3441599.30000000,1771041599999999,16018.17039300,246,1850031.20000000,8611.56425400,0
1771041600000000,0.00466000,0.00467000,0.00465000,0.00466000,1465428.60000000,1771045199999999,6828.61624000,60,650774.70000000,3032.63799900,0
1771045200000000,0.00466000,0.00466000,0.00465000,0.00466000,802727.10000000,1771048799999999,3739.21480600,34,493161.60000000,2296.93172400,0
1771048800000000,0.00466000,0.00472000,0.00465000,0.00470000,8137317.40000000,1771052399999999,38181.59980400,621,5299350.20000000,24865.59968800,0
1771052400000000,0.00470000,0.00476000,0.00469000,0.00475000,6683626.60000000,1771055999999999,31618.04677100,722,4066915.30000000,19235.61079900,0
1771056000000000,0.00475000,0.00478000,0.00472000,0.00475000,9646623.90000000,1771059599999999,45836.32018200,962,4936046.60000000,23468.26748700,0
1771059600000000,0.00474000,0.00475000,0.00470000,0.00471000,3532546.10000000,1771063199999999,16666.89587100,194,1628883.60000000,7682.83068100,0
1771063200000000,0.00471000,0.00471000,0.00469000,0.00469000,2226408.70000000,1771066799999999,10459.55671200,103,1060395.30000000,4980.67900100,0
1771066800000000,0.00469000,0.00473000,0.00469000,0.00472000,2586299.70000000,1771070399999999,12183.85905300,234,1252056.30000000,5895.40752100,0
1771070400000000,0.00471000,0.00473000,0.00470000,0.00470000,2754338.00000000,1771073999999999,12998.22039400,179,1294421.20000000,6111.45818900,0
1771074000000000,0.00470000,0.00470000,0.00468000,0.00469000,2900263.40000000,1771077599999999,13607.66458700,256,1502621.90000000,7052.26553700,0
1771077600000000,0.00469000,0.00473000,0.00469000,0.00473000,1059227.80000000,1771081199999999,4993.25257000,105,656472.20000000,3094.93966200,0
1771081200000000,0.00473000,0.00474000,0.00473000,0.00473000,1155142.30000000,1771084799999999,5468.20693400,134,578159.70000000,2738.01747400,0
1771084800000000,0.00474000,0.00478000,0.00473000,0.00477000,1444864.40000000,1771088399999999,6853.88793400,163,713928.50000000,3387.60278700,0
1771088400000000,0.00477000,0.00479000,0.00475000,0.00476000,3568038.60000000,1771091999999999,17036.27788600,350,1331746.20000000,6361.09885800,0
1771092000000000,0.00475000,0.00485000,0.00475000,0.00481000,12880177.90000000,1771095599999999,62016.49909700,665,7065396.10000000,33997.98829100,0
1771095600000000,0.00482000,0.00484000,0.00480000,0.00484000,1587221.10000000,1771099199999999,7657.83015000,57,638316.80000000,3078.80704900,0
1771099200000000,0.00484000,0.00484000,0.00480000,0.00481000,2259441.20000000,1771102799999999,10890.74300600,91,979393.00000000,4723.68660600,0
1771102800000000,0.00482000,0.00484000,0.00478000,0.00479000,2331439.80000000,1771106399999999,11202.31946600,202,924040.30000000,4439.55312700,0
1771106400000000,0.00480000,0.00482000,0.00479000,0.00481000,927706.10000000,1771109999999999,4461.71552700,74,387961.00000000,1865.26710400,0
1771110000000000,0.00481000,0.00482000,0.00478000,0.00479000,1507847.30000000,1771113599999999,7241.13687000,159,775711.70000000,3722.87772700,0
1771113600000000,0.00480000,0.00480000,0.00476000,0.00479000,1715724.60000000,1771117199999999,8200.78789600,102,607729.10000000,2903.58550600,0
1771117200000000,0.00479000,0.00481000,0.00477000,0.00479000,2287747.60000000,1771120799999999,10938.88543600,158,1268162.30000000,6064.55693600,0
1771120800000000,0.00479000,0.00481000,0.00474000,0.00477000,2036775.30000000,1771124399999999,9706.08254100,136,428740.20000000,2042.08602900,0
1771124400000000,0.00477000,0.00477000,0.00472000,0.00477000,1995120.90000000,1771127999999999,9472.32046900,134,1122080.70000000,5327.67464300,0
1771128000000000,0.00478000,0.00481000,0.00477000,0.00477000,1796186.20000000,1771131599999999,8593.48607700,132,701534.00000000,3355.45304500,0
1771131600000000,0.00478000,0.00481000,0.00478000,0.00481000,2101461.60000000,1771135199999999,10084.22407200,112,975713.90000000,4683.06218800,0
1771135200000000,0.00480000,0.00481000,0.00479000,0.00479000,1365001.60000000,1771138799999999,6549.96932900,80,643113.80000000,3086.97171200,0
1771138800000000,0.00480000,0.00483000,0.00480000,0.00481000,1582900.90000000,1771142399999999,7615.89141300,130,940551.00000000,4526.45886300,0
1771142400000000,0.00481000,0.00483000,0.00474000,0.00476000,1640525.00000000,1771145999999999,7848.38128300,85,847837.80000000,4056.65302400,0
1771146000000000,0.00475000,0.00478000,0.00475000,0.00476000,2355449.60000000,1771149599999999,11206.41225100,128,1106968.90000000,5268.18088200,0
1771149600000000,0.00475000,0.00475000,0.00471000,0.00475000,2965997.50000000,1771153199999999,14043.37691800,150,1225234.70000000,5800.82451200,0
1771153200000000,0.00474000,0.00475000,0.00473000,0.00474000,1102860.20000000,1771156799999999,5230.76954800,68,575609.40000000,2730.43603000,0
1771156800000000,0.00474000,0.00474000,0.00461000,0.00461000,1383971.80000000,1771160399999999,6475.22363400,156,275927.30000000,1295.57572600,0
1771160400000000,0.00461000,0.00465000,0.00457000,0.00459000,2953152.90000000,1771163999999999,13590.00711100,191,1496273.00000000,6887.05321300,0
1771164000000000,0.00459000,0.00462000,0.00458000,0.00461000,1436591.20000000,1771167599999999,6598.12356700,110,814303.10000000,3741.81995500,0
1771167600000000,0.00461000,0.00463000,0.00459000,0.00460000,2297404.50000000,1771171199999999,10600.68392000,126,1660793.50000000,7665.76507400,0
1771171200000000,0.00460000,0.00461000,0.00457000,0.00459000,2729831.30000000,1771174799999999,12543.49910900,172,672401.60000000,3089.34514300,0
1771174800000000,0.00460000,0.00460000,0.00452000,0.00456000,4869582.80000000,1771178399999999,22252.23271600,166,1503472.30000000,6854.86001500,0
1771178400000000,0.00454000,0.00456000,0.00453000,0.00453000,8234479.90000000,1771181999999999,37416.74841700,451,4298650.90000000,19530.05925200,0
1771182000000000,0.00454000,0.00454000,0.00449000,0.00451000,3782845.80000000,1771185599999999,17065.81828400,169,1573874.20000000,7104.53717800,0
1771185600000000,0.00451000,0.00452000,0.00449000,0.00451000,2370106.80000000,1771189199999999,10681.85977100,212,846525.70000000,3817.01291400,0
1771189200000000,0.00451000,0.00454000,0.00451000,0.00453000,2194328.40000000,1771192799999999,9938.47553800,252,1053782.30000000,4774.23159400,0
1771192800000000,0.00453000,0.00456000,0.00452000,0.00454000,2776687.10000000,1771196399999999,12596.98469000,399,1124485.60000000,5101.21677800,0
1771196400000000,0.00454000,0.00455000,0.00450000,0.00454000,4803565.90000000,1771199999999999,21760.58514000,431,1771131.40000000,8019.35706800,0
1771200000000000,0.00454000,0.00464000,0.00453000,0.00456000,19765769.30000000,1771203599999999,90566.56285300,843,12134365.50000000,55658.98449400,0
1771203600000000,0.00456000,0.00457000,0.00452000,0.00454000,3196538.20000000,1771207199999999,14542.35029500,240,1255539.90000000,5710.71160600,0
1771207200000000,0.00454000,0.00455000,0.00452000,0.00452000,1724696.20000000,1771210799999999,7814.43680000,211,584917.60000000,2649.92640500,0
1771210800000000,0.00452000,0.00456000,0.00452000,0.00455000,5143640.30000000,1771214399999999,23372.82544100,322,2717138.30000000,12352.70771000,0
1771214400000000,0.00455000,0.00457000,0.00455000,0.00457000,1633755.90000000,1771217999999999,7460.13755200,163,261741.20000000,1195.69427200,0
1771218000000000,0.00458000,0.00459000,0.00451000,0.00452000,4864816.70000000,1771221599999999,22061.89196700,311,1724407.40000000,7823.55019200,0
1771221600000000,0.00452000,0.00457000,0.00451000,0.00455000,4391604.30000000,1771225199999999,19958.66331900,290,1987807.00000000,9035.14375200,0
1771225200000000,0.00455000,0.00456000,0.00452000,0.00452000,3293714.50000000,1771228799999999,14941.40210100,237,1342790.50000000,6092.22330900,0
1771228800000000,0.00452000,0.00454000,0.00451000,0.00454000,3360754.80000000,1771232399999999,15229.81274200,200,1303275.60000000,5907.90716800,0
1771232400000000,0.00454000,0.00455000,0.00454000,0.00455000,1806342.90000000,1771235999999999,8208.55420200,107,720761.40000000,3273.74531400,0
1771236000000000,0.00455000,0.00456000,0.00455000,0.00455000,1470207.10000000,1771239599999999,6690.20244800,48,566117.20000000,2576.02286700,0
1771239600000000,0.00455000,0.00455000,0.00450000,0.00454000,1892221.60000000,1771243199999999,8565.43929000,194,866080.70000000,3919.66440200,0
1771243200000000,0.00454000,0.00461000,0.00453000,0.00461000,6013865.20000000,1771246799999999,27431.28387500,207,3067272.90000000,13997.24670400,0
1771246800000000,0.00461000,0.00463000,0.00451000,0.00453000,6320213.10000000,1771250399999999,28947.94881000,328,2676778.60000000,12267.58763200,0
1771250400000000,0.00453000,0.00459000,0.00451000,0.00457000,7089117.90000000,1771253999999999,32231.08443600,520,2797517.60000000,12723.58358800,0
1771254000000000,0.00457000,0.00458000,0.00448000,0.00452000,8015720.10000000,1771257599999999,36231.15220300,475,2299888.00000000,10400.36519000,0
1771257600000000,0.00452000,0.00455000,0.00452000,0.00454000,2644321.90000000,1771261199999999,12011.88172900,128,904722.00000000,4106.98947300,0
1771261200000000,0.00454000,0.00457000,0.00453000,0.00456000,1692807.50000000,1771264799999999,7715.77937700,89,958412.10000000,4368.01380500,0
1771264800000000,0.00456000,0.00457000,0.00455000,0.00456000,2043844.30000000,1771268399999999,9320.83396800,129,1003890.10000000,4580.14385700,0
1771268400000000,0.00456000,0.00467000,0.00455000,0.00466000,34992435.10000000,1771271999999999,161826.49099200,1593,22160042.20000000,102498.00620700,0
1771272000000000,0.00466000,0.00473000,0.00462000,0.00466000,21183911.40000000,1771275599999999,99090.56976200,1137,11321924.80000000,53001.29138200,0
1771275600000000,0.00467000,0.00470000,0.00466000,0.00468000,4196726.00000000,1771279199999999,19607.82226900,192,2291816.70000000,10706.08563900,0
1771279200000000,0.00469000,0.00470000,0.00466000,0.00467000,4204029.80000000,1771282799999999,19676.66988500,220,2245465.30000000,10511.14467700,0
1771282800000000,0.00467000,0.00470000,0.00466000,0.00470000,4184971.90000000,1771286399999999,19586.07113800,219,3029770.60000000,14180.90918800,0
1771286400000000,0.00470000,0.00470000,0.00466000,0.00466000,2633518.10000000,1771289999999999,12341.32876000,65,1075691.40000000,5036.39996300,0
1771290000000000,0.00466000,0.00467000,0.00465000,0.00465000,1970452.30000000,1771293599999999,9187.16686800,42,1182197.40000000,5511.25161400,0
1771293600000000,0.00465000,0.00466000,0.00463000,0.00466000,4765836.90000000,1771297199999999,22134.95461100,137,2349432.90000000,10923.18533000,0
1771297200000000,0.00465000,0.00465000,0.00463000,0.00463000,888461.70000000,1771300799999999,4124.29447900,22,449133.70000000,2085.95737700,0
1771300800000000,0.00463000,0.00464000,0.00462000,0.00463000,2922989.10000000,1771304399999999,13534.72163800,70,1661246.10000000,7694.43619700,0
1771304400000000,0.00464000,0.00464000,0.00458000,0.00461000,1634382.00000000,1771307999999999,7526.60075700,53,851065.70000000,3917.73104900,0
1771308000000000,0.00462000,0.00463000,0.00462000,0.00463000,837121.80000000,1771311599999999,3869.87590500,66,373413.80000000,1727.24081200,0
1771311600000000,0.00463000,0.00467000,0.00463000,0.00464000,2729983.40000000,1771315199999999,12686.42857200,210,1627947.00000000,7568.59555700,0
1771315200000000,0.00464000,0.00466000,0.00461000,0.00461000,2946252.30000000,1771318799999999,13676.24569800,156,1439325.90000000,6686.12458400,0
1771318800000000,0.00461000,0.00463000,0.00460000,0.00463000,691552.70000000,1771322399999999,3185.46760700,40,402348.70000000,1853.45458500,0
1771322400000000,0.00463000,0.00464000,0.00459000,0.00463000,4114918.70000000,1771325999999999,18966.04601400,137,2008328.70000000,9257.57566000,0
1771326000000000,0.00464000,0.00470000,0.00463000,0.00465000,18377202.90000000,1771329599999999,85774.50050800,732,10331407.50000000,48251.95207300,0
1771329600000000,0.00466000,0.00479000,0.00466000,0.00472000,21145184.90000000,1771333199999999,100100.74763200,889,12103432.50000000,57283.25562400,0
1771333200000000,0.00472000,0.00475000,0.00471000,0.00472000,6336329.20000000,1771336799999999,29957.67210100,258,2760390.20000000,13059.55545600,0
1771336800000000,0.00472000,0.00492000,0.00459000,0.00464000,85292336.40000000,1771340399999999,406960.17999100,3417,45249337.50000000,216168.02542300,0
1771340400000000,0.00463000,0.00470000,0.00463000,0.00470000,9682281.70000000,1771343999999999,45273.17784700,379,4669903.00000000,21842.91645600,0
1771344000000000,0.00471000,0.00476000,0.00470000,0.00471000,6182342.10000000,1771347599999999,29261.01450100,176,3506656.10000000,16598.03805800,0
1771347600000000,0.00471000,0.00471000,0.00465000,0.00467000,4205298.70000000,1771351199999999,19655.18218000,118,1924388.90000000,8993.48828500,0
1771351200000000,0.00466000,0.00473000,0.00466000,0.00473000,2834570.60000000,1771354799999999,13347.66029400,93,1536915.70000000,7232.42333300,0
1771354800000000,0.00473000,0.00474000,0.00470000,0.00471000,3794102.40000000,1771358399999999,17929.95263000,101,2481629.90000000,11730.65475700,0
1771358400000000,0.00472000,0.00472000,0.00469000,0.00472000,3310797.60000000,1771361999999999,15601.52036000,123,2038759.10000000,9607.10432400,0
1771362000000000,0.00472000,0.00473000,0.00470000,0.00473000,2503179.50000000,1771365599999999,11809.12295100,151,728966.10000000,3438.63478900,0
1771365600000000,0.00473000,0.00473000,0.00469000,0.00470000,1381676.40000000,1771369199999999,6515.15284700,66,482438.40000000,2276.74359300,0
1771369200000000,0.00469000,0.00471000,0.00468000,0.00469000,2112210.30000000,1771372799999999,9905.79118500,117,744735.90000000,3494.82753200,0
1771372800000000,0.00470000,0.00471000,0.00464000,0.00466000,8358277.40000000,1771376399999999,39016.39038200,364,3730941.00000000,17415.42884500,0
1771376400000000,0.00466000,0.00467000,0.00464000,0.00467000,2782228.00000000,1771379999999999,12954.87323300,115,1724653.80000000,8032.74702000,0
1771380000000000,0.00468000,0.00475000,0.00468000,0.00473000,4826884.70000000,1771383599999999,22761.96236900,202,2752716.00000000,12968.10816500,0
1771383600000000,0.00472000,0.00476000,0.00472000,0.00474000,2257715.80000000,1771387199999999,10702.87886600,79,1152946.60000000,5467.91593200,0
1771387200000000,0.00473000,0.00474000,0.00471000,0.00472000,1621661.00000000,1771390799999999,7656.19400800,96,406873.20000000,1921.87689600,0
1771390800000000,0.00471000,0.00472000,0.00469000,0.00470000,1296818.10000000,1771394399999999,6103.73061300,68,725247.80000000,3414.21677600,0
1771394400000000,0.00471000,0.00471000,0.00469000,0.00469000,1543797.50000000,1771397999999999,7251.54790200,88,571608.90000000,2687.07904900,0
1771398000000000,0.00469000,0.00471000,0.00469000,0.00470000,1093016.00000000,1771401599999999,5133.17279600,66,529946.30000000,2489.43664700,0
1771401600000000,0.00470000,0.00472000,0.00469000,0.00470000,1893763.50000000,1771405199999999,8902.80639600,101,566580.40000000,2665.57000700,0
1771405200000000,0.00470000,0.00472000,0.00469000,0.00472000,771960.30000000,1771408799999999,3633.15433800,65,495860.70000000,2334.17542600,0
1771408800000000,0.00472000,0.00472000,0.00468000,0.00469000,1751011.70000000,1771412399999999,8237.78757800,133,380589.10000000,1790.74983000,0
1771412400000000,0.00469000,0.00469000,0.00464000,0.00466000,2251242.30000000,1771415999999999,10470.27213600,151,722648.40000000,3365.41280200,0
1771416000000000,0.00466000,0.00468000,0.00465000,0.00466000,1148104.60000000,1771419599999999,5348.53942400,111,579006.30000000,2695.98731000,0
1771419600000000,0.00465000,0.00465000,0.00460000,0.00460000,5206147.40000000,1771423199999999,24057.21705300,432,1024814.30000000,4745.44447700,0
1771423200000000,0.00460000,0.00461000,0.00457000,0.00459000,2472381.60000000,1771426799999999,11355.83403000,178,1473577.50000000,6767.56442500,0
1771426800000000,0.00460000,0.00467000,0.00460000,0.00462000,1775703.10000000,1771430399999999,8226.10896200,144,1003754.10000000,4651.14287000,0
1771430400000000,0.00462000,0.00462000,0.00456000,0.00457000,9458270.40000000,1771433999999999,43303.61160800,353,2276080.90000000,10436.26961400,0
1771434000000000,0.00458000,0.00461000,0.00456000,0.00456000,2529652.70000000,1771437599999999,11593.15436500,173,1482425.10000000,6792.49364400,0
1771437600000000,0.00456000,0.00457000,0.00448000,0.00448000,10272525.80000000,1771441199999999,46325.93874000,421,3483075.50000000,15712.18659300,0
1771441200000000,0.00448000,0.00449000,0.00444000,0.00446000,5026044.00000000,1771444799999999,22431.74828800,243,2777180.00000000,12392.93067100,0
1771444800000000,0.00445000,0.00448000,0.00444000,0.00446000,3232621.90000000,1771448399999999,14425.54772900,211,1527693.80000000,6819.64761200,0
1771448400000000,0.00446000,0.00447000,0.00443000,0.00444000,1338879.50000000,1771451999999999,5959.93107400,100,587274.20000000,2616.19674100,0
1771452000000000,0.00445000,0.00445000,0.00442000,0.00444000,855798.50000000,1771455599999999,3796.43296700,74,402113.50000000,1784.82295200,0
1771455600000000,0.00444000,0.00445000,0.00442000,0.00443000,1327258.90000000,1771459199999999,5888.19867100,77,738182.80000000,3275.01873100,0
1771459200000000,0.00443000,0.00444000,0.00442000,0.00442000,2360683.70000000,1771462799999999,10461.22197700,207,1039106.00000000,4605.78281900,0
1771462800000000,0.00442000,0.00445000,0.00442000,0.00444000,2235845.20000000,1771466399999999,9909.90296800,148,1192956.10000000,5288.79454900,0
1771466400000000,0.00445000,0.00447000,0.00445000,0.00447000,829856.80000000,1771469999999999,3703.87862200,33,619821.50000000,2766.11653700,0
1771470000000000,0.00447000,0.00448000,0.00447000,0.00447000,535338.70000000,1771473599999999,2395.57469300,15,318765.60000000,1426.97543600,0
1771473600000000,0.00447000,0.00449000,0.00447000,0.00447000,708723.20000000,1771477199999999,3174.67040300,57,312122.00000000,1399.40644500,0
1771477200000000,0.00447000,0.00448000,0.00443000,0.00446000,880273.30000000,1771480799999999,3927.98683400,65,561049.80000000,2505.08088400,0
1771480800000000,0.00446000,0.00448000,0.00445000,0.00447000,1022278.40000000,1771484399999999,4572.70152500,80,669732.90000000,2996.13487100,0
1771484400000000,0.00447000,0.00447000,0.00445000,0.00446000,959730.30000000,1771487999999999,4286.93917000,44,267128.10000000,1193.52844700,0
1771488000000000,0.00445000,0.00445000,0.00439000,0.00442000,2609938.80000000,1771491599999999,11523.98949100,108,713620.70000000,3149.36592900,0
1771491600000000,0.00442000,0.00443000,0.00440000,0.00440000,3342882.70000000,1771495199999999,14750.46069100,139,1276940.20000000,5636.70100700,0
1771495200000000,0.00439000,0.00440000,0.00438000,0.00439000,998385.40000000,1771498799999999,4381.63267000,45,557751.30000000,2447.43159100,0
1771498800000000,0.00438000,0.00439000,0.00438000,0.00438000,595679.20000000,1771502399999999,2609.31030800,46,336827.20000000,1475.53854800,0
1771502400000000,0.00437000,0.00440000,0.00437000,0.00438000,2697006.30000000,1771505999999999,11816.44799300,137,1671596.40000000,7324.44153700,0
1771506000000000,0.00437000,0.00437000,0.00429000,0.00430000,6516483.40000000,1771509599999999,28265.40178400,362,3585444.70000000,15537.49310300,0
1771509600000000,0.00432000,0.00437000,0.00431000,0.00436000,5454611.50000000,1771513199999999,23641.13002400,171,2641458.50000000,11447.70324400,0
1771513200000000,0.00436000,0.00437000,0.00432000,0.00432000,3737898.60000000,1771516799999999,16217.92714000,206,1917050.20000000,8316.02883300,0
1771516800000000,0.00432000,0.00435000,0.00430000,0.00432000,4301887.90000000,1771520399999999,18597.61365800,187,1990064.10000000,8598.83618600,0
1771520400000000,0.00432000,0.00438000,0.00430000,0.00432000,9256490.60000000,1771523999999999,40088.65658300,397,4277890.10000000,18528.38690300,0
1771524000000000,0.00432000,0.00439000,0.00432000,0.00438000,5195050.30000000,1771527599999999,22641.21543000,314,2727420.90000000,11893.38879300,0
1771527600000000,0.00438000,0.00439000,0.00436000,0.00439000,4211860.60000000,1771531199999999,18427.26423400,227,2063084.40000000,9026.38122700,0
1771531200000000,0.00439000,0.00441000,0.00438000,0.00441000,2587208.10000000,1771534799999999,11376.21809700,77,1587202.80000000,6980.97812000,0
1771534800000000,0.00441000,0.00443000,0.00441000,0.00442000,2300778.70000000,1771538399999999,10157.06443500,97,982764.80000000,4338.95203100,0
1771538400000000,0.00441000,0.00442000,0.00436000,0.00439000,8430517.60000000,1771541999999999,37046.98180200,347,1654873.70000000,7274.66673100,0
1771542000000000,0.00440000,0.00442000,0.00439000,0.00441000,2508698.50000000,1771545599999999,11054.84550100,114,1137809.20000000,5013.86719600,0
1771545600000000,0.00440000,0.00446000,0.00439000,0.00444000,7196623.10000000,1771549199999999,31932.43293800,229,3606330.00000000,16005.68827700,0
1771549200000000,0.00444000,0.00446000,0.00443000,0.00445000,4074030.60000000,1771552799999999,18107.04060600,111,2679580.00000000,11914.25906400,0
1771552800000000,0.00446000,0.00446000,0.00444000,0.00444000,1319754.40000000,1771556399999999,5879.34145000,38,722587.00000000,3219.29204200,0
1771556400000000,0.00444000,0.00450000,0.00443000,0.00448000,11018019.20000000,1771559999999999,49174.64232300,317,5355339.70000000,23902.30258200,0
1771560000000000,0.00448000,0.00450000,0.00445000,0.00447000,13517018.30000000,1771563599999999,60507.26556800,344,6843614.20000000,30639.48619800,0
1771563600000000,0.00447000,0.00450000,0.00445000,0.00448000,2564292.40000000,1771567199999999,11488.80502300,82,1288193.00000000,5770.52420100,0
1771567200000000,0.00448000,0.00448000,0.00447000,0.00448000,1418926.80000000,1771570799999999,6356.43502400,40,815249.90000000,3652.31955200,0
1771570800000000,0.00448000,0.00449000,0.00446000,0.00448000,1390515.60000000,1771574399999999,6232.77628000,53,604968.10000000,2708.69365500,0
1771574400000000,0.00447000,0.00449000,0.00447000,0.00448000,1138231.90000000,1771577999999999,5100.55423100,66,844892.70000000,3786.58676500,0
1771578000000000,0.00449000,0.00450000,0.00449000,0.00450000,706130.00000000,1771581599999999,3170.98149800,28,299993.50000000,1347.42861300,0
1771581600000000,0.00450000,0.00451000,0.00447000,0.00447000,819035.20000000,1771585199999999,3680.60889400,45,222760.50000000,1001.73617200,0
1771585200000000,0.00447000,0.00447000,0.00446000,0.00446000,2173132.10000000,1771588799999999,9700.72594400,51,876496.00000000,3912.35527400,0
1771588800000000,0.00445000,0.00446000,0.00445000,0.00445000,1787527.90000000,1771592399999999,7957.58730500,77,814438.00000000,3624.91375200,0
1771592400000000,0.00444000,0.00444000,0.00436000,0.00438000,2805504.00000000,1771595999999999,12327.47470200,103,1378979.90000000,6054.37236800,0
1771596000000000,0.00439000,0.00443000,0.00438000,0.00442000,2317868.30000000,1771599599999999,10219.31274700,81,1117955.30000000,4929.47432500,0
1771599600000000,0.00442000,0.00451000,0.00442000,0.00451000,6092366.90000000,1771603199999999,27235.89596800,249,3287184.60000000,14672.53490100,0
1771603200000000,0.00451000,0.00453000,0.00449000,0.00452000,2634070.30000000,1771606799999999,11877.03148000,124,1124337.00000000,5071.56130500,0
1771606800000000,0.00451000,0.00453000,0.00445000,0.00453000,3497435.30000000,1771610399999999,15687.80893700,142,1837924.50000000,8242.74067600,0
1771610400000000,0.00454000,0.00456000,0.00452000,0.00454000,3115226.20000000,1771613999999999,14141.84776100,136,1561624.60000000,7089.54248000,0
1771614000000000,0.00455000,0.00455000,0.00452000,0.00454000,1051731.00000000,1771617599999999,4768.43620600,54,710949.00000000,3224.35469300,0
1771617600000000,0.00453000,0.00454000,0.00452000,0.00453000,700322.70000000,1771621199999999,3173.66287500,38,238912.20000000,1082.97028700,0
1771621200000000,0.00454000,0.00454000,0.00453000,0.00454000,732020.30000000,1771624799999999,3322.89692400,33,473752.50000000,2150.83635000,0
1771624800000000,0.00454000,0.00462000,0.00454000,0.00460000,3063494.60000000,1771628399999999,14049.71723100,181,1740204.50000000,7973.92216600,0
1771628400000000,0.00459000,0.00459000,0.00454000,0.00456000,2979189.40000000,1771631999999999,13605.14273000,133,1221480.00000000,5575.14113000,0
1771632000000000,0.00457000,0.00462000,0.00456000,0.00456000,6679678.10000000,1771635599999999,30647.92523700,194,3512220.80000000,16122.94180600,0
1771635600000000,0.00456000,0.00460000,0.00456000,0.00460000,1247513.30000000,1771639199999999,5729.91497900,38,527279.80000000,2419.30584800,0
1771639200000000,0.00460000,0.00463000,0.00460000,0.00462000,1687068.50000000,1771642799999999,7773.07533800,103,895319.00000000,4124.88100400,0
1771642800000000,0.00461000,0.00463000,0.00460000,0.00460000,3474756.20000000,1771646399999999,16008.50748600,132,1832868.60000000,8442.44845800,0
1771646400000000,0.00461000,0.00468000,0.00460000,0.00463000,8208704.30000000,1771649999999999,38000.68064400,239,6098045.00000000,28244.09251600,0
1771650000000000,0.00464000,0.00468000,0.00463000,0.00467000,20431603.80000000,1771653599999999,95287.38010600,548,10186721.50000000,47541.29308900,0
1771653600000000,0.00467000,0.00468000,0.00463000,0.00465000,9217612.40000000,1771657199999999,42976.39462800,373,6618199.90000000,30870.37175900,0
1771657200000000,0.00465000,0.00468000,0.00458000,0.00463000,7641479.20000000,1771660799999999,35365.42847100,161,774531.90000000,3601.00305300,0
1771660800000000,0.00462000,0.00462000,0.00454000,0.00461000,19420250.40000000,1771664399999999,88938.92558000,596,8098777.60000000,37089.41434200,0
1771664400000000,0.00460000,0.00465000,0.00460000,0.00462000,3125630.10000000,1771667999999999,14429.64710200,95,1963415.20000000,9070.03559800,0
1771668000000000,0.00463000,0.00464000,0.00462000,0.00463000,1085621.50000000,1771671599999999,5027.55406300,40,642353.90000000,2973.71087600,0
1771671600000000,0.00462000,0.00464000,0.00461000,0.00462000,975947.50000000,1771675199999999,4511.75779100,43,432383.30000000,1999.03602100,0
1771675200000000,0.00462000,0.00462000,0.00459000,0.00461000,1041835.60000000,1771678799999999,4798.99558700,49,471228.00000000,2170.03227600,0
1771678800000000,0.00460000,0.00469000,0.00459000,0.00461000,8981678.60000000,1771682399999999,41661.37756700,308,4922636.50000000,22832.50991200,0
1771682400000000,0.00462000,0.00465000,0.00458000,0.00459000,8213911.00000000,1771685999999999,37970.30821500,229,4403850.70000000,20377.74464400,0
1771686000000000,0.00458000,0.00459000,0.00457000,0.00458000,2990057.70000000,1771689599999999,13704.18876900,103,1652907.90000000,7573.24240800,0
1771689600000000,0.00459000,0.00459000,0.00455000,0.00456000,2214786.80000000,1771693199999999,10108.96353700,109,1040395.10000000,4744.35396500,0
1771693200000000,0.00456000,0.00458000,0.00455000,0.00456000,2023915.00000000,1771696799999999,9228.49137600,75,914815.10000000,4170.17120600,0
1771696800000000,0.00457000,0.00457000,0.00455000,0.00456000,564565.10000000,1771700399999999,2573.62196100,28,348047.00000000,1587.14858800,0
1771700400000000,0.00456000,0.00456000,0.00454000,0.00454000,341873.30000000,1771703999999999,1556.98090800,26,57840.30000000,263.75176800,0
1771704000000000,0.00454000,0.00456000,0.00452000,0.00453000,1149176.00000000,1771707599999999,5219.68940800,101,456564.40000000,2075.34924200,0
1771707600000000,0.00453000,0.00453000,0.00451000,0.00453000,644900.20000000,1771711199999999,2916.61325900,52,435304.70000000,1968.67833500,0
1771711200000000,0.00453000,0.00453000,0.00451000,0.00452000,850357.50000000,1771714799999999,3845.14027300,39,285424.60000000,1290.68592300,0
1771714800000000,0.00451000,0.00451000,0.00450000,0.00450000,1140678.40000000,1771718399999999,5138.77869100,122,365482.10000000,1646.50330500,0
1771718400000000,0.00449000,0.00450000,0.00445000,0.00446000,1658956.10000000,1771721999999999,7415.20771600,86,472575.10000000,2114.10952200,0
1771722000000000,0.00447000,0.00448000,0.00446000,0.00447000,1255427.40000000,1771725599999999,5611.67831500,70,503865.70000000,2253.33049400,0
1771725600000000,0.00446000,0.00446000,0.00440000,0.00440000,1616294.00000000,1771729199999999,7151.65624400,68,274712.20000000,1212.95830700,0
1771729200000000,0.00440000,0.00441000,0.00439000,0.00440000,1379113.90000000,1771732799999999,6060.15886800,53,739089.60000000,3247.50444800,0
1771732800000000,0.00440000,0.00441000,0.00439000,0.00440000,1848531.10000000,1771736399999999,8132.64187600,56,987000.10000000,4343.44864700,0
1771736400000000,0.00440000,0.00440000,0.00439000,0.00439000,845846.90000000,1771739999999999,3719.29502700,42,508417.40000000,2235.88086000,0
1771740000000000,0.00439000,0.00439000,0.00438000,0.00439000,2017142.30000000,1771743599999999,8855.04042500,47,1374347.90000000,6033.38728100,0
1771743600000000,0.00439000,0.00441000,0.00439000,0.00439000,1366393.30000000,1771747199999999,6004.61202900,112,990937.50000000,4353.38950200,0
1771747200000000,0.00439000,0.00440000,0.00438000,0.00438000,1258157.30000000,1771750799999999,5521.55587500,74,652987.70000000,2866.74488300,0
1771750800000000,0.00438000,0.00443000,0.00438000,0.00443000,716368.20000000,1771754399999999,3150.44732400,43,539135.00000000,2370.15565200,0
1771754400000000,0.00443000,0.00451000,0.00443000,0.00446000,6766368.20000000,1771757999999999,30237.01743600,230,4434816.00000000,19835.92898300,0
1771758000000000,0.00446000,0.00449000,0.00445000,0.00449000,2711031.50000000,1771761599999999,12113.15153000,132,2507081.60000000,11202.58962800,0
1771761600000000,0.00449000,0.00449000,0.00441000,0.00443000,2267254.00000000,1771765199999999,10068.27510900,86,937138.20000000,4149.88757000,0
1771765200000000,0.00443000,0.00443000,0.00438000,0.00438000,1403956.50000000,1771768799999999,6181.95055400,61,599492.10000000,2642.86764400,0
1771768800000000,0.00439000,0.00439000,0.00434000,0.00436000,4246824.90000000,1771772399999999,18522.84202300,276,2343651.60000000,10224.74016700,0
1771772400000000,0.00436000,0.00438000,0.00434000,0.00437000,1472202.30000000,1771775999999999,6416.13312300,93,803480.60000000,3501.97037500,0
1771776000000000,0.00436000,0.00437000,0.00435000,0.00436000,876313.60000000,1771779599999999,3814.95291800,39,544699.60000000,2372.01069800,0
1771779600000000,0.00437000,0.00437000,0.00433000,0.00435000,1519988.60000000,1771783199999999,6606.95424600,39,516495.90000000,2246.71734000,0
1771783200000000,0.00435000,0.00436000,0.00434000,0.00435000,1301157.00000000,1771786799999999,5659.91748600,36,873023.60000000,3797.73672600,0
1771786800000000,0.00435000,0.00436000,0.00435000,0.00435000,475838.10000000,1771790399999999,2071.02231100,17,268493.00000000,1169.07112600,0
1771790400000000,0.00436000,0.00436000,0.00434000,0.00434000,666001.90000000,1771793999999999,2899.67080900,23,202288.80000000,881.61050600,0
1771794000000000,0.00433000,0.00435000,0.00432000,0.00434000,1631475.50000000,1771797599999999,7085.05326600,70,956315.20000000,4153.61292200,0
1771797600000000,0.00435000,0.00438000,0.00435000,0.00438000,1187410.20000000,1771801199999999,5173.56481100,43,755757.70000000,3294.17873800,0
1771801200000000,0.00438000,0.00439000,0.00435000,0.00437000,476559.70000000,1771804799999999,2083.19277400,27,420583.10000000,1838.90776700,0
1771804800000000,0.00437000,0.00438000,0.00433000,0.00433000,1571592.90000000,1771808399999999,6851.40383000,54,245484.10000000,1068.60234700,0
1771808400000000,0.00432000,0.00432000,0.00416000,0.00419000,23242839.00000000,1771811999999999,98193.11387600,852,11977375.70000000,50607.90244100,0
1771812000000000,0.00418000,0.00422000,0.00417000,0.00421000,3529153.20000000,1771815599999999,14826.26340700,130,1892838.90000000,7956.03294600,0
1771815600000000,0.00421000,0.00424000,0.00418000,0.00419000,10099904.90000000,1771819199999999,42353.04102000,279,3075670.00000000,12898.59759700,0
1771819200000000,0.00419000,0.00420000,0.00417000,0.00417000,1461406.70000000,1771822799999999,6115.10878900,59,529093.00000000,2215.50647800,0
1771822800000000,0.00418000,0.00423000,0.00418000,0.00422000,2603231.90000000,1771826399999999,10943.67771100,73,1353555.10000000,5690.12981600,0
1771826400000000,0.00422000,0.00429000,0.00422000,0.00427000,3604476.90000000,1771829999999999,15397.50558500,128,1911685.30000000,8163.72633600,0
1771830000000000,0.00427000,0.00427000,0.00424000,0.00425000,2021813.40000000,1771833599999999,8603.72569700,180,1087159.40000000,4627.64507600,0
1771833600000000,0.00425000,0.00425000,0.00423000,0.00423000,1783811.30000000,1771837199999999,7562.33132500,60,994970.80000000,4219.31287600,0
1771837200000000,0.00424000,0.00431000,0.00424000,0.00431000,3394039.20000000,1771840799999999,14513.07645500,237,2246526.40000000,9602.17681000,0
1771840800000000,0.00431000,0.00433000,0.00431000,0.00431000,2044629.10000000,1771844399999999,8825.39129800,124,607800.90000000,2620.51309500,0
1771844400000000,0.00431000,0.00432000,0.00430000,0.00431000,866117.30000000,1771847999999999,3733.91214300,48,534258.20000000,2302.23665700,0
1771848000000000,0.00431000,0.00434000,0.00429000,0.00432000,2194012.60000000,1771851599999999,9466.67295000,153,1007870.60000000,4349.28980600,0
1771851600000000,0.00432000,0.00433000,0.00429000,0.00429000,1476038.80000000,1771855199999999,6360.18468200,56,487507.60000000,2101.69526500,0
1771855200000000,0.00429000,0.00430000,0.00427000,0.00429000,1565610.40000000,1771858799999999,6706.35436300,116,956777.20000000,4097.04159600,0
1771858800000000,0.00429000,0.00429000,0.00426000,0.00428000,1476806.30000000,1771862399999999,6314.08310800,110,732106.80000000,3129.65693100,0
1771862400000000,0.00427000,0.00429000,0.00423000,0.00423000,2584630.20000000,1771865999999999,11000.23878500,137,1087332.20000000,4641.76759100,0
1771866000000000,0.00424000,0.00424000,0.00418000,0.00421000,3336703.20000000,1771869599999999,14023.36685200,287,1783151.20000000,7495.62317100,0
1771869600000000,0.00421000,0.00423000,0.00419000,0.00419000,3080525.80000000,1771873199999999,12974.11566400,251,1249322.30000000,5261.71285600,0
1771873200000000,0.00420000,0.00421000,0.00417000,0.00417000,1451076.80000000,1771876799999999,6069.42231100,95,700858.50000000,2932.04360500,0
1771876800000000,0.00417000,0.00421000,0.00415000,0.00420000,2894866.30000000,1771880399999999,12097.17077400,151,1774955.10000000,7419.13418500,0
1771880400000000,0.00421000,0.00423000,0.00421000,0.00422000,4439126.00000000,1771883999999999,18711.61860100,269,2723012.30000000,11483.21593400,0
1771884000000000,0.00423000,0.00424000,0.00422000,0.00422000,1659765.00000000,1771887599999999,7019.31125500,68,660029.60000000,2792.12803700,0
1771887600000000,0.00422000,0.00423000,0.00420000,0.00422000,1588813.70000000,1771891199999999,6699.49702600,182,856899.40000000,3614.00061900,0
1771891200000000,0.00422000,0.00425000,0.00420000,0.00424000,1602478.10000000,1771894799999999,6762.89655800,179,775918.40000000,3275.65044000,0
1771894800000000,0.00424000,0.00427000,0.00415000,0.00425000,9573304.70000000,1771898399999999,40313.53150500,382,5747303.20000000,24200.75545500,0
1771898400000000,0.00424000,0.00427000,0.00423000,0.00423000,5413263.90000000,1771901999999999,22962.00214200,203,1645243.30000000,6981.47619800,0
1771902000000000,0.00422000,0.00422000,0.00418000,0.00422000,3218876.10000000,1771905599999999,13521.30711800,118,1416042.10000000,5947.61250000,0
1771905600000000,0.00422000,0.00422000,0.00417000,0.00420000,3435907.30000000,1771909199999999,14406.22732600,200,1682162.70000000,7047.44531000,0
1771909200000000,0.00420000,0.00421000,0.00416000,0.00418000,1910737.30000000,1771912799999999,7983.84691200,88,719807.60000000,3007.89029700,0
1771912800000000,0.00418000,0.00419000,0.00416000,0.00416000,1293029.20000000,1771916399999999,5404.07715900,65,506542.30000000,2118.48743800,0
1771916400000000,0.00417000,0.00418000,0.00415000,0.00416000,1700840.00000000,1771919999999999,7083.07108900,144,733833.20000000,3056.09196700,0
1771920000000000,0.00415000,0.00419000,0.00414000,0.00419000,879012.70000000,1771923599999999,3661.27986800,58,497991.80000000,2076.56141100,0
1771923600000000,0.00419000,0.00419000,0.00416000,0.00417000,3730519.60000000,1771927199999999,15560.26573500,222,923334.50000000,3858.39912700,0
1771927200000000,0.00417000,0.00418000,0.00416000,0.00417000,2461369.60000000,1771930799999999,10250.59859300,121,1099511.50000000,4576.74777400,0
1771930800000000,0.00417000,0.00417000,0.00414000,0.00414000,3827526.40000000,1771934399999999,15894.68455300,146,1169559.30000000,4856.10096800,0
1771934400000000,0.00415000,0.00416000,0.00413000,0.00414000,2073890.80000000,1771937999999999,8606.60557700,63,1086627.30000000,4510.34144500,0
1771938000000000,0.00414000,0.00415000,0.00408000,0.00414000,7294256.30000000,1771941599999999,30078.58611300,244,3901475.70000000,16095.29437400,0
1771941600000000,0.00413000,0.00420000,0.00411000,0.00419000,6040636.00000000,1771945199999999,25038.02579800,205,3389700.40000000,14046.34172000,0
1771945200000000,0.00419000,0.00423000,0.00418000,0.00421000,2011064.60000000,1771948799999999,8464.31219700,143,1189841.30000000,5006.03146200,0
1771948800000000,0.00422000,0.00424000,0.00420000,0.00423000,2999696.50000000,1771952399999999,12647.26593600,122,1891896.50000000,7976.66983500,0
1771952400000000,0.00423000,0.00423000,0.00421000,0.00422000,2347731.30000000,1771955999999999,9910.71364200,99,1315148.20000000,5552.69381700,0
1771956000000000,0.00423000,0.00423000,0.00421000,0.00423000,442171.20000000,1771959599999999,1867.62815100,34,296666.10000000,1253.46597400,0
1771959600000000,0.00423000,0.00423000,0.00420000,0.00422000,1327206.50000000,1771963199999999,5601.59562600,49,485672.60000000,2050.13509000,0
1771963200000000,0.00422000,0.00423000,0.00421000,0.00422000,2066710.70000000,1771966799999999,8713.11567300,77,818941.90000000,3456.34098400,0
1771966800000000,0.00421000,0.00421000,0.00419000,0.00420000,1937945.00000000,1771970399999999,8141.93599300,121,693937.10000000,2915.06337900,0
1771970400000000,0.00421000,0.00422000,0.00419000,0.00420000,1569234.50000000,1771973999999999,6605.46831100,77,1001137.80000000,4216.27865700,0
1771974000000000,0.00418000,0.00420000,0.00418000,0.00419000,1046503.90000000,1771977599999999,4384.24175200,72,392551.40000000,1644.96793400,0
1771977600000000,0.00419000,0.00421000,0.00418000,0.00421000,1376444.60000000,1771981199999999,5777.45986900,117,581457.50000000,2441.43825200,0
1771981200000000,0.00420000,0.00431000,0.00420000,0.00428000,8916771.30000000,1771984799999999,38129.85982100,310,3427351.60000000,14651.33998500,0
1771984800000000,0.00429000,0.00432000,0.00428000,0.00430000,3478999.40000000,1771988399999999,14960.10166300,110,1430462.30000000,6154.56076700,0
1771988400000000,0.00429000,0.00429000,0.00426000,0.00426000,1361790.60000000,1771991999999999,5819.77538000,124,783380.50000000,3347.59494900,0
1771992000000000,0.00427000,0.00427000,0.00424000,0.00427000,566171.00000000,1771995599999999,2407.69193700,36,311342.50000000,1324.14961000,0
1771995600000000,0.00427000,0.00428000,0.00424000,0.00426000,2708442.40000000,1771999199999999,11544.16605300,158,1336452.60000000,5691.87807100,0
1771999200000000,0.00427000,0.00428000,0.00426000,0.00427000,1040138.10000000,1772002799999999,4441.71446600,47,484057.60000000,2067.00939200,0
1772002800000000,0.00427000,0.00430000,0.00426000,0.00429000,2683464.40000000,1772006399999999,11470.08082900,228,1311198.30000000,5602.30593700,0
1772006400000000,0.00430000,0.00433000,0.00429000,0.00432000,1861850.70000000,1772009999999999,8007.83854900,70,1260173.30000000,5420.24278400,0
1772010000000000,0.00432000,0.00434000,0.00432000,0.00432000,1148249.60000000,1772013599999999,4973.54944500,71,507074.10000000,2195.07166400,0
1772013600000000,0.00433000,0.00433000,0.00431000,0.00432000,1890914.90000000,1772017199999999,8177.18145100,48,779399.60000000,3371.58685700,0
1772017200000000,0.00431000,0.00432000,0.00430000,0.00431000,2693777.30000000,1772020799999999,11617.26358800,81,1077142.80000000,4644.29290400,0
1772020800000000,0.00432000,0.00436000,0.00432000,0.00435000,4655534.80000000,1772024399999999,20225.57146900,191,3001585.40000000,13043.16917300,0
1772024400000000,0.00436000,0.00442000,0.00435000,0.00440000,6037428.40000000,1772027999999999,26507.49424900,253,2964240.20000000,13021.66515400,0
1772028000000000,0.00440000,0.00445000,0.00440000,0.00445000,4315946.10000000,1772031599999999,19110.70565600,127,2223585.00000000,9849.25783800,0
1772031600000000,0.00446000,0.00449000,0.00445000,0.00447000,5131100.70000000,1772035199999999,22930.90204400,191,2430687.30000000,10863.22529300,0
1772035200000000,0.00448000,0.00452000,0.00447000,0.00451000,4366801.10000000,1772038799999999,19639.07151700,280,2145828.70000000,9652.64735100,0
1772038800000000,0.00452000,0.00454000,0.00451000,0.00453000,3854789.90000000,1772042399999999,17453.77519700,415,2267584.50000000,10269.10957300,0
1772042400000000,0.00453000,0.00456000,0.00452000,0.00455000,4826970.00000000,1772045999999999,21935.54598700,253,1813148.10000000,8245.09169000,0
1772046000000000,0.00455000,0.00456000,0.00452000,0.00455000,11693571.70000000,1772049599999999,52970.63137000,375,6262245.30000000,28348.99158500,0
1772049600000000,0.00455000,0.00457000,0.00452000,0.00455000,5546840.80000000,1772053199999999,25258.41476400,332,1702993.80000000,7750.59005100,0
1772053200000000,0.00456000,0.00461000,0.00453000,0.00456000,6748072.60000000,1772056799999999,30812.44068900,239,3413185.60000000,15574.92152300,0
1772056800000000,0.00457000,0.00459000,0.00452000,0.00453000,1611376.60000000,1772060399999999,7339.66896600,75,725849.70000000,3306.10624200,0
1772060400000000,0.00453000,0.00454000,0.00443000,0.00446000,5302996.90000000,1772063999999999,23727.41061600,214,1875465.00000000,8394.19679800,0
1772064000000000,0.00447000,0.00449000,0.00443000,0.00445000,8389856.80000000,1772067599999999,37468.38186300,229,2872392.80000000,12838.01598600,0
1772067600000000,0.00444000,0.00447000,0.00444000,0.00445000,2344382.70000000,1772071199999999,10447.23557300,116,1129702.30000000,5034.34825400,0
1772071200000000,0.00444000,0.00446000,0.00442000,0.00446000,1201236.70000000,1772074799999999,5332.70098200,59,609983.00000000,2709.04117200,0
1772074800000000,0.00446000,0.00446000,0.00442000,0.00442000,1295622.70000000,1772078399999999,5762.63684200,138,330911.50000000,1473.32900400,0
1772078400000000,0.00442000,0.00445000,0.00442000,0.00444000,1437314.80000000,1772081999999999,6378.17757200,97,925158.30000000,4106.87562000,0
1772082000000000,0.00444000,0.00444000,0.00437000,0.00439000,1893461.10000000,1772085599999999,8322.36383300,111,1135299.50000000,4984.28724800,0
1772085600000000,0.00438000,0.00440000,0.00437000,0.00437000,1330251.30000000,1772089199999999,5832.27816400,125,707550.20000000,3102.54852000,0
1772089200000000,0.00436000,0.00437000,0.00435000,0.00436000,1591434.90000000,1772092799999999,6945.79121400,115,831341.50000000,3629.04298800,0
1772092800000000,0.00437000,0.00438000,0.00436000,0.00436000,1099897.60000000,1772096399999999,4800.69729400,123,485042.90000000,2118.32284800,0
1772096400000000,0.00436000,0.00440000,0.00436000,0.00440000,3083852.80000000,1772099999999999,13533.11813500,273,1395617.70000000,6125.56223000,0
1772100000000000,0.00440000,0.00441000,0.00435000,0.00435000,2765109.30000000,1772103599999999,12093.12174200,154,1711378.70000000,7488.20926400,0
1772103600000000,0.00436000,0.00436000,0.00433000,0.00435000,1144936.00000000,1772107199999999,4980.42433000,46,618501.60000000,2690.67178800,0
1772107200000000,0.00435000,0.00438000,0.00434000,0.00437000,2341477.80000000,1772110799999999,10212.17050100,98,1481029.80000000,6463.53502700,0
1772110800000000,0.00438000,0.00438000,0.00436000,0.00436000,1170415.10000000,1772114399999999,5115.65573200,34,547004.10000000,2391.86716200,0
1772114400000000,0.00436000,0.00437000,0.00431000,0.00434000,4264161.60000000,1772117999999999,18481.72021800,281,2259871.70000000,9798.13060000,0
1772118000000000,0.00434000,0.00435000,0.00431000,0.00433000,4373964.50000000,1772121599999999,18954.56021900,203,1689545.30000000,7324.34695800,0
1772121600000000,0.00434000,0.00435000,0.00425000,0.00425000,4601845.70000000,1772125199999999,19733.48422100,239,1702360.00000000,7296.76213800,0
1772125200000000,0.00425000,0.00430000,0.00425000,0.00427000,3554114.90000000,1772128799999999,15252.20206300,186,1905954.70000000,8184.43865000,0
1772128800000000,0.00428000,0.00435000,0.00427000,0.00435000,1601367.40000000,1772132399999999,6881.35060700,84,838966.10000000,3608.75359300,0
1772132400000000,0.00434000,0.00440000,0.00434000,0.00438000,8041805.90000000,1772135999999999,35157.92057900,336,6095368.20000000,26642.67628100,0
1772136000000000,0.00438000,0.00440000,0.00435000,0.00436000,5229633.80000000,1772139599999999,22866.46076000,214,2034944.90000000,8922.95377300,0
1772139600000000,0.00436000,0.00439000,0.00436000,0.00437000,1396310.80000000,1772143199999999,6098.02191000,66,881424.80000000,3848.75936600,0
1772143200000000,0.00437000,0.00438000,0.00436000,0.00437000,1785203.10000000,1772146799999999,7805.00089900,137,943085.00000000,4125.33226600,0
1772146800000000,0.00437000,0.00438000,0.00435000,0.00437000,1851669.30000000,1772150399999999,8076.82258300,243,928276.50000000,4052.06486200,0
1772150400000000,0.00437000,0.00437000,0.00433000,0.00434000,1119044.00000000,1772153999999999,4864.70730400,126,353170.60000000,1534.40015300,0
1772154000000000,0.00434000,0.00435000,0.00429000,0.00431000,17514734.90000000,1772157599999999,75535.61131200,499,7236048.80000000,31154.81559700,0
1772157600000000,0.00431000,0.00435000,0.00431000,0.00435000,5365095.90000000,1772161199999999,23251.15823600,318,3812029.00000000,16510.76715200,0
1772161200000000,0.00435000,0.00438000,0.00434000,0.00438000,1447954.00000000,1772164799999999,6306.30569000,89,846734.70000000,3689.22883600,0
1772164800000000,0.00439000,0.00443000,0.00438000,0.00439000,2855231.30000000,1772168399999999,12561.48429800,216,1232884.80000000,5421.64068400,0
1772168400000000,0.00439000,0.00440000,0.00437000,0.00439000,1084591.50000000,1772171999999999,4757.13788300,45,545866.50000000,2394.72602800,0
1772172000000000,0.00439000,0.00439000,0.00436000,0.00436000,1772238.40000000,1772175599999999,7736.71669600,161,739670.30000000,3230.12666900,0
1772175600000000,0.00436000,0.00437000,0.00434000,0.00436000,2249468.40000000,1772179199999999,9784.31335900,257,873361.20000000,3801.49518900,0
1772179200000000,0.00436000,0.00439000,0.00436000,0.00438000,1730938.80000000,1772182799999999,7587.57971700,60,1212775.10000000,5319.72081200,0
1772182800000000,0.00439000,0.00439000,0.00436000,0.00436000,1322524.70000000,1772186399999999,5790.60048800,146,605733.70000000,2652.85474200,0
1772186400000000,0.00437000,0.00437000,0.00433000,0.00434000,4750371.20000000,1772189999999999,20644.45497200,275,1683194.20000000,7312.57639300,0
1772190000000000,0.00434000,0.00436000,0.00429000,0.00431000,3884549.20000000,1772193599999999,16757.68073000,233,2069725.80000000,8921.67014100,0
1772193600000000,0.00431000,0.00432000,0.00429000,0.00429000,3413580.50000000,1772197199999999,14686.43679000,249,1840072.30000000,7915.81906900,0
1772197200000000,0.00430000,0.00432000,0.00428000,0.00431000,4144355.30000000,1772200799999999,17792.00713000,290,1660254.80000000,7130.85118700,0
1772200800000000,0.00431000,0.00432000,0.00428000,0.00428000,1990269.50000000,1772204399999999,8556.50906800,166,1090908.10000000,4688.05336800,0
1772204400000000,0.00429000,0.00431000,0.00426000,0.00428000,1967518.10000000,1772207999999999,8429.79862300,168,1124074.70000000,4816.95559100,0
1772208000000000,0.00428000,0.00428000,0.00424000,0.00424000,2847443.70000000,1772211599999999,12124.41231000,205,1435454.90000000,6114.34204100,0
1772211600000000,0.00424000,0.00427000,0.00421000,0.00427000,2543330.20000000,1772215199999999,10771.62439200,162,1610979.70000000,6827.08083500,0
1772215200000000,0.00427000,0.00427000,0.00423000,0.00423000,1598221.20000000,1772218799999999,6801.94890800,117,627921.30000000,2672.73491500,0
1772218800000000,0.00423000,0.00424000,0.00422000,0.00423000,1771321.50000000,1772222399999999,7488.63763000,149,1086332.20000000,4595.53079700,0
1772222400000000,0.00424000,0.00426000,0.00423000,0.00424000,1239286.60000000,1772225999999999,5259.16021500,66,884690.00000000,3754.21729700,0
1772226000000000,0.00424000,0.00425000,0.00421000,0.00422000,2326841.90000000,1772229599999999,9837.63537000,109,1378512.60000000,5826.22779000,0
1772229600000000,0.00422000,0.00422000,0.00417000,0.00422000,3944166.20000000,1772233199999999,16557.59614500,189,1943515.90000000,8155.81756500,0
1772233200000000,0.00422000,0.00426000,0.00422000,0.00425000,1694054.20000000,1772236799999999,7193.15883000,77,1106651.10000000,4697.79847100,0
1772236800000000,0.00425000,0.00427000,0.00424000,0.00427000,948782.30000000,1772240399999999,4035.19436300,35,539183.30000000,2293.41306000,0
1772240400000000,0.00427000,0.00427000,0.00424000,0.00424000,698089.50000000,1772243999999999,2970.30688300,57,141935.40000000,604.58969400,0
1772244000000000,0.00424000,0.00425000,0.00424000,0.00425000,873270.80000000,1772247599999999,3707.79976100,47,479657.70000000,2035.87642300,0
1772247600000000,0.00426000,0.00426000,0.00423000,0.00424000,733387.60000000,1772251199999999,3104.85201300,27,554622.20000000,2346.95522500,0
1772251200000000,0.00423000,0.00424000,0.00421000,0.00422000,1763686.30000000,1772254799999999,7447.79573000,105,485149.50000000,2048.83433000,0
1772254800000000,0.00422000,0.00422000,0.00418000,0.00418000,955273.10000000,1772258399999999,4010.31988200,51,285978.80000000,1203.35809500,0
1772258400000000,0.00418000,0.00419000,0.00398000,0.00399000,20926264.40000000,1772261999999999,85425.50800400,985,10124019.20000000,41318.34218100,0
1772262000000000,0.00398000,0.00411000,0.00396000,0.00408000,7715018.50000000,1772265599999999,31146.34194700,355,4779775.60000000,19316.37155200,0
1772265600000000,0.00407000,0.00407000,0.00400000,0.00400000,3749899.40000000,1772269199999999,15129.68882200,308,1583397.70000000,6379.51495400,0
1772269200000000,0.00401000,0.00402000,0.00398000,0.00399000,2935823.50000000,1772272799999999,11747.14420000,187,1629338.70000000,6520.55249500,0
1772272800000000,0.00399000,0.00402000,0.00397000,0.00401000,1671634.90000000,1772276399999999,6675.62773100,124,412425.10000000,1649.06301300,0
1772276400000000,0.00401000,0.00405000,0.00401000,0.00403000,2701228.90000000,1772279999999999,10879.91874900,123,1584257.40000000,6380.09216700,0
1772280000000000,0.00403000,0.00405000,0.00403000,0.00405000,1023144.90000000,1772283599999999,4137.28501900,63,596214.30000000,2412.20722000,0
1772283600000000,0.00406000,0.00416000,0.00404000,0.00415000,4574986.80000000,1772287199999999,18808.58235600,211,2617846.70000000,10782.28272900,0
1772287200000000,0.00416000,0.00417000,0.00410000,0.00411000,4774528.10000000,1772290799999999,19746.88858200,208,2200151.90000000,9102.97790200,0
1772290800000000,0.00412000,0.00414000,0.00410000,0.00413000,4607550.90000000,1772294399999999,19016.14712900,173,1713741.50000000,7078.44010400,0
1772294400000000,0.00413000,0.00414000,0.00411000,0.00414000,5432911.70000000,1772297999999999,22441.35462600,186,3247315.40000000,13417.73889000,0
1772298000000000,0.00414000,0.00415000,0.00411000,0.00415000,2820188.70000000,1772301599999999,11633.54942800,106,1509286.50000000,6223.43585500,0
1772301600000000,0.00415000,0.00422000,0.00414000,0.00420000,2938118.00000000,1772305199999999,12264.45503000,139,1412589.30000000,5898.85614300,0
1772305200000000,0.00420000,0.00425000,0.00418000,0.00423000,3759840.00000000,1772308799999999,15886.71847900,147,1837708.10000000,7760.95325800,0
1772308800000000,0.00423000,0.00430000,0.00422000,0.00428000,4104442.10000000,1772312399999999,17528.18025300,169,2684268.90000000,11467.22413500,0
1772312400000000,0.00429000,0.00429000,0.00423000,0.00425000,4586198.90000000,1772315999999999,19506.12092400,212,1899714.20000000,8094.15925300,0
1772316000000000,0.00426000,0.00432000,0.00424000,0.00430000,2025959.70000000,1772319599999999,8675.69128600,141,1021660.10000000,4375.92128300,0
1772319600000000,0.00429000,0.00429000,0.00426000,0.00429000,2600607.20000000,1772323199999999,11118.44098600,83,1035759.50000000,4435.40457300,0
