1769904000000000,0.00295600,0.00297900,0.00294900,0.00297200,6665976.90000000,1769907599999999,19745.30878000,1176,2435229.10000000,7219.73643730,0
1769907600000000,0.00297100,0.00299600,0.00295500,0.00299200,6454223.90000000,1769911199999999,19180.94857780,1188,3617471.10000000,10758.03430900,0
1769911200000000,0.00299300,0.00303400,0.00299300,0.00302600,5939091.10000000,1769914799999999,17881.21428030,1236,3473273.60000000,10455.36637250,0
1769914800000000,0.00302600,0.00302900,0.00299900,0.00302000,6427481.40000000,1769918399999999,19358.05547690,1074,3361026.80000000,10122.16274530,0
1769918400000000,0.00302000,0.00303800,0.00301300,0.00302800,3986449.50000000,1769921999999999,12062.82438480,911,2082615.60000000,6302.28479160,0
1769922000000000,0.00302700,0.00303500,0.00301300,0.00301700,4095291.10000000,1769925599999999,12391.66186780,999,1989513.50000000,6022.06556380,0
1769925600000000,0.00301700,0.00303000,0.00298800,0.00299700,3761723.50000000,1769929199999999,11325.09945770,889,1621926.60000000,4883.91177870,0
1769929200000000,0.00299800,0.00303600,0.00298600,0.00301200,6581006.40000000,1769932799999999,19797.09907420,1358,3253678.50000000,9785.62915740,0
1769932800000000,0.00301300,0.00302400,0.00299100,0.00301200,5354537.70000000,1769936399999999,16101.84019350,1132,2344366.30000000,7052.92931760,0
1769936400000000,0.00301100,0.00302800,0.00299500,0.00302500,4722477.20000000,1769939999999999,14221.96993190,986,2221162.00000000,6691.87757320,0
1769940000000000,0.00302600,0.00303800,0.00296300,0.00297600,6028448.30000000,1769943599999999,18113.36122890,1260,2955178.90000000,8883.48180520,0
1769943600000000,0.00297600,0.00300000,0.00296800,0.00298700,5392055.70000000,1769947199999999,16099.19422380,1131,2495217.70000000,7450.33747190,0
1769947200000000,0.00298800,0.00298900,0.00295700,0.00296900,5834700.20000000,1769950799999999,17347.99937180,1092,2621945.70000000,7798.44281450,0
1769950800000000,0.00297000,0.00301000,0.00297000,0.00299600,7984927.10000000,1769954399999999,23918.83206330,1533,3380689.80000000,10125.97931940,0
1769954400000000,0.00299500,0.00299700,0.00293500,0.00297500,8151397.10000000,1769957999999999,24205.11967970,1661,3401730.20000000,10099.93220720,0
1769958000000000,0.00297400,0.00297400,0.00287300,0.00291200,15849321.80000000,1769961599999999,46094.73074830,2325,6199911.50000000,18045.03930730,0
1769961600000000,0.00291200,0.00292000,0.00284900,0.00287400,11390821.10000000,1769965199999999,32859.01972700,2266,4314282.30000000,12453.48062920,0
1769965200000000,0.00287400,0.00289700,0.00282900,0.00286500,10846210.30000000,1769968799999999,31069.92157870,2189,5470178.50000000,15686.07102000,0
1769968800000000,0.00285700,0.00291800,0.00285600,0.00288100,15461322.70000000,1769972399999999,44682.77192280,2215,5623132.20000000,16246.03993510,0
1769972400000000,0.00288400,0.00290900,0.00285700,0.00289600,8934330.30000000,1769975999999999,25780.29098830,1662,4268078.60000000,12321.99988420,0
1769976000000000,0.00289700,0.00292600,0.00286300,0.00288000,9820399.50000000,1769979599999999,28369.22579230,1758,4351739.30000000,12574.42116650,0
1769979600000000,0.00287800,0.00288200,0.00283500,0.00285100,7624406.80000000,1769983199999999,21802.79735810,1560,2814341.50000000,8054.94145410,0
1769983200000000,0.00285200,0.00290500,0.00284700,0.00287000,6203497.90000000,1769986799999999,17840.17637180,1458,2843104.70000000,8175.16352170,0
1769986800000000,0.00287400,0.00290000,0.00280100,0.00285300,17498064.20000000,1769990399999999,49972.60219140,3388,7074362.20000000,20184.51146990,0
1769990400000000,0.00285300,0.00291800,0.00283100,0.00288900,9891074.40000000,1769993999999999,28530.15413510,2512,3942624.50000000,11365.71270720,0
1769994000000000,0.00289000,0.00293100,0.00284700,0.00290000,9007834.90000000,1769997599999999,26131.65435410,2114,4406882.30000000,12775.74436630,0
1769997600000000,0.00290400,0.00292200,0.00289100,0.00290500,6210350.40000000,1770001199999999,18055.42448060,1489,2987776.80000000,8689.12552890,0
1770001200000000,0.00290500,0.00291400,0.00278700,0.00290600,16370328.50000000,1770004799999999,46614.08930860,3822,8655820.80000000,24587.31840620,0
1770004800000000,0.00290700,0.00293700,0.00284600,0.00286700,9657547.20000000,1770008399999999,27905.02546010,2243,4107004.00000000,11864.79905100,0
1770008400000000,0.00286600,0.00286800,0.00279700,0.00282700,9064280.90000000,1770011999999999,25640.34397570,2154,4933501.60000000,13965.02811820,0
1770012000000000,0.00282500,0.00291200,0.00278100,0.00285900,20322234.30000000,1770015599999999,58010.25183010,3581,9901807.60000000,28313.29426960,0
1770015600000000,0.00286100,0.00288800,0.00284000,0.00286100,11005430.70000000,1770019199999999,31466.61675570,2448,4415511.00000000,12636.32917480,0
1770019200000000,0.00286300,0.00289100,0.00286000,0.00287100,7117423.90000000,1770022799999999,20461.34678220,1740,3229192.40000000,9288.17390090,0
1770022800000000,0.00287100,0.00293100,0.00286000,0.00291300,12101298.10000000,1770026399999999,35078.24116940,2221,6536739.20000000,18946.00849510,0
1770026400000000,0.00291500,0.00292100,0.00288200,0.00289900,8879309.20000000,1770029999999999,25743.37036460,1813,3875269.10000000,11243.01823470,0
1770030000000000,0.00289900,0.00291500,0.00289800,0.00290000,5126739.40000000,1770033599999999,14901.06354910,1124,2397100.60000000,6969.07345340,0
1770033600000000,0.00290000,0.00292600,0.00289200,0.00291700,6472688.90000000,1770037199999999,18807.99124560,1428,3419415.30000000,9938.08921630,0
1770037200000000,0.00291700,0.00296500,0.00290200,0.00295400,7297964.00000000,1770040799999999,21401.37927090,1505,3162965.10000000,9268.35482440,0
1770040800000000,0.00295300,0.00299400,0.00292500,0.00296000,8488077.20000000,1770044399999999,25156.63741420,2287,3667276.80000000,10874.41256020,0
1770044400000000,0.00296200,0.00299700,0.00294500,0.00297600,13517604.00000000,1770047999999999,40171.09219420,2503,6712839.90000000,19959.20698480,0
1770048000000000,0.00297600,0.00298200,0.00295300,0.00295900,5388489.50000000,1770051599999999,16006.60005690,1361,2467151.10000000,7330.32842450,0
1770051600000000,0.00295900,0.00298200,0.00294100,0.00296000,6516514.40000000,1770055199999999,19313.93626280,1513,3440379.30000000,10196.87279990,0
1770055200000000,0.00295800,0.00296600,0.00293500,0.00295200,4714979.40000000,1770058799999999,13908.65953480,1146,2145480.50000000,6329.96996260,0
1770058800000000,0.00295200,0.00295400,0.00292100,0.00292300,3902641.20000000,1770062399999999,11467.23252590,961,1858200.10000000,5461.10332180,0
1770062400000000,0.00292100,0.00293300,0.00290000,0.00290400,4834764.50000000,1770065999999999,14094.00231290,1223,2686696.40000000,7834.59237460,0
1770066000000000,0.00290600,0.00292700,0.00290300,0.00292300,3934775.30000000,1770069599999999,11487.83248250,1078,1931413.90000000,5639.92607450,0
1770069600000000,0.00292300,0.00294100,0.00291100,0.00293700,2790920.70000000,1770073199999999,8168.95050710,724,1281243.30000000,3750.21558470,0
1770073200000000,0.00293800,0.00294000,0.00292100,0.00292600,4171364.60000000,1770076799999999,12224.12988070,915,1976274.10000000,5792.28813690,0
1770076800000000,0.00292500,0.00293900,0.00290600,0.00293900,4643993.70000000,1770080399999999,13573.24780870,1155,2186003.80000000,6391.40475220,0
1770080400000000,0.00293800,0.00294000,0.00291000,0.00292700,4077426.50000000,1770083999999999,11920.06734130,1083,2235131.20000000,6535.24019700,0
1770084000000000,0.00292800,0.00292800,0.00285700,0.00286900,7149988.80000000,1770087599999999,20601.41444130,1313,3436040.10000000,9894.43269040,0
1770087600000000,0.00286600,0.00290500,0.00285800,0.00290100,5904278.00000000,1770091199999999,17011.19965650,1395,2784657.10000000,8021.49343960,0
1770091200000000,0.00290200,0.00292800,0.00288900,0.00292200,6770593.00000000,1770094799999999,19653.12488620,1123,3016769.10000000,8762.44486990,0
1770094800000000,0.00292300,0.00293200,0.00290800,0.00291600,4228875.20000000,1770098399999999,12345.29146180,969,2127114.20000000,6211.25963070,0
1770098400000000,0.00291600,0.00295000,0.00289600,0.00294500,6077077.00000000,1770101999999999,17788.41519940,1121,2804470.00000000,8200.77307290,0
1770102000000000,0.00294500,0.00297400,0.00293800,0.00295900,4336684.10000000,1770105599999999,12809.11645800,1027,2165903.80000000,6398.72052670,0
1770105600000000,0.00296300,0.00297000,0.00293900,0.00294200,4314658.80000000,1770109199999999,12750.92148660,1110,2342178.90000000,6923.52833100,0
1770109200000000,0.00294000,0.00295100,0.00289200,0.00292100,6077307.90000000,1770112799999999,17736.94229790,1318,3221154.70000000,9404.97157380,0
1770112800000000,0.00292300,0.00292600,0.00289900,0.00290400,3413258.70000000,1770116399999999,9934.88558890,854,1383247.50000000,4027.61620430,0
1770116400000000,0.00290500,0.00291600,0.00290100,0.00290500,4285203.40000000,1770119999999999,12465.93995910,947,1848802.50000000,5378.68670560,0
1770120000000000,0.00290600,0.00294400,0.00290100,0.00293600,3876855.40000000,1770123599999999,11338.86477120,929,2235326.30000000,6540.15366940,0
1770123600000000,0.00293600,0.00295200,0.00292500,0.00294500,3925363.90000000,1770127199999999,11525.44808710,1006,1662186.60000000,4881.06214720,0
1770127200000000,0.00294500,0.00295400,0.00287700,0.00288000,7527469.00000000,1770130799999999,22009.98804720,1953,3336134.90000000,9753.07962340,0
1770130800000000,0.00287900,0.00294400,0.00286200,0.00294300,15879249.20000000,1770134399999999,46063.91394720,3269,6595023.20000000,19136.44260690,0
1770134400000000,0.00294100,0.00294100,0.00287200,0.00288500,8226126.50000000,1770137999999999,23879.16048060,1767,4093369.90000000,11879.72218460,0
1770138000000000,0.00288500,0.00288900,0.00280800,0.00280800,9177779.20000000,1770141599999999,26129.84714740,1758,5605471.10000000,15958.93407970,0
1770141600000000,0.00280900,0.00282400,0.00274600,0.00274600,8862281.60000000,1770145199999999,24675.54508160,2054,3976110.90000000,11069.49293180,0
1770145200000000,0.00274800,0.00289200,0.00274300,0.00286700,13675596.70000000,1770148799999999,38913.25813070,2626,6504921.00000000,18468.76031460,0
1770148800000000,0.00286600,0.00298200,0.00284500,0.00295600,18384949.30000000,1770152399999999,53944.57483330,3111,9914751.30000000,29081.47731100,0
1770152400000000,0.00295500,0.00298300,0.00291100,0.00291500,7263797.40000000,1770155999999999,21417.44601780,1766,3497818.20000000,10309.98533560,0
1770156000000000,0.00291600,0.00291900,0.00288000,0.00288100,3904016.70000000,1770159599999999,11320.81992820,1111,1573543.50000000,4563.30183360,0
1770159600000000,0.00288000,0.00289200,0.00285600,0.00287000,4065191.70000000,1770163199999999,11693.38998980,982,1918018.60000000,5519.29450150,0
1770163200000000,0.00287100,0.00290900,0.00285700,0.00288500,3958917.80000000,1770166799999999,11430.61832520,1111,1788286.20000000,5163.28503300,0
1770166800000000,0.00288500,0.00292200,0.00288500,0.00289100,3927308.00000000,1770170399999999,11423.31220630,1195,1722672.80000000,5012.35642200,0
1770170400000000,0.00289100,0.00290000,0.00287800,0.00289000,4617415.30000000,1770173999999999,13344.87868860,1277,2127234.40000000,6147.77999880,0
1770174000000000,0.00289000,0.00292200,0.00288500,0.00291000,4353931.40000000,1770177599999999,12654.38968150,1304,2058824.70000000,5984.31248050,0
1770177600000000,0.00291000,0.00291600,0.00289100,0.00289900,2627879.60000000,1770181199999999,7631.14434140,813,1093064.80000000,3175.56100980,0
1770181200000000,0.00289900,0.00290000,0.00287400,0.00288100,2874267.10000000,1770184799999999,8302.00344000,851,1346722.10000000,3890.91503570,0
1770184800000000,0.00288100,0.00289000,0.00286900,0.00288300,2992453.30000000,1770188399999999,8624.04582100,888,1482195.50000000,4273.09604410,0
1770188400000000,0.00288300,0.00289700,0.00287000,0.00288400,3124198.20000000,1770191999999999,9009.26169330,942,1130377.70000000,3260.26200520,0
1770192000000000,0.00288400,0.00289400,0.00287200,0.00288200,3423571.30000000,1770195599999999,9865.65472290,1058,1378942.00000000,3973.83370770,0
1770195600000000,0.00288400,0.00288400,0.00285300,0.00286400,2566642.30000000,1770199199999999,7361.98909090,800,1281451.40000000,3675.76659970,0
1770199200000000,0.00286400,0.00287500,0.00286300,0.00286900,2821988.40000000,1770202799999999,8097.34326100,706,1403684.80000000,4028.21875870,0
1770202800000000,0.00286900,0.00288500,0.00284200,0.00287500,4704138.20000000,1770206399999999,13463.38619410,1148,2595623.20000000,7429.95755930,0
1770206400000000,0.00287400,0.00288100,0.00286100,0.00287000,2216808.30000000,1770209999999999,6367.07716300,676,1095876.60000000,3147.81743280,0
1770210000000000,0.00287000,0.00287500,0.00280800,0.00280800,4373200.10000000,1770213599999999,12427.67761660,1117,2367722.90000000,6730.75893560,0
1770213600000000,0.00281000,0.00285600,0.00277800,0.00278000,14672472.00000000,1770217199999999,41327.30545800,3108,6928945.30000000,19508.71866340,0
1770217200000000,0.00278000,0.00281600,0.00274200,0.00277100,14021478.60000000,1770220799999999,38864.08933520,3448,6040721.00000000,16772.19309210,0
1770220800000000,0.00277100,0.00279400,0.00270600,0.00273500,12123204.70000000,1770224399999999,33255.51224030,3035,6405332.70000000,17573.01988320,0
1770224400000000,0.00273400,0.00274900,0.00268700,0.00273400,8477267.10000000,1770227999999999,23030.08052920,2189,3860472.00000000,10489.34239340,0
1770228000000000,0.00273300,0.00280400,0.00269500,0.00276200,8310026.40000000,1770231599999999,22818.35941260,2248,4670433.30000000,12812.40883580,0
1770231600000000,0.00276400,0.00281500,0.00274000,0.00280900,7487429.90000000,1770235199999999,20726.10770420,2168,4129826.50000000,11439.74692630,0
1770235200000000,0.00281100,0.00281900,0.00277400,0.00278800,5219997.60000000,1770238799999999,14586.65004570,1450,2821445.30000000,7885.97509650,0
1770238800000000,0.00278800,0.00280300,0.00274700,0.00276800,4687951.50000000,1770242399999999,13015.08884010,1490,2459069.00000000,6822.82407670,0
1770242400000000,0.00276900,0.00280900,0.00272700,0.00274800,4921516.30000000,1770245999999999,13607.83663320,1351,2344542.70000000,6482.09737800,0
1770246000000000,0.00275200,0.00278500,0.00274000,0.00275400,6994631.20000000,1770249599999999,19306.91429650,1320,3593156.80000000,9917.38391030,0
1770249600000000,0.00275500,0.00277600,0.00275100,0.00276100,3532576.50000000,1770253199999999,9760.27111600,1047,1895806.20000000,5238.75500630,0
1770253200000000,0.00276200,0.00278700,0.00272400,0.00274500,7250279.80000000,1770256799999999,20025.75519800,1856,3293014.30000000,9100.45033270,0
1770256800000000,0.00274700,0.00278600,0.00272600,0.00273100,5622301.60000000,1770260399999999,15494.12993000,1517,3332980.30000000,9188.29358230,0
1770260400000000,0.00273300,0.00275000,0.00271600,0.00272600,5611650.20000000,1770263999999999,15334.71750860,1702,2745883.80000000,7506.88305610,0
1770264000000000,0.00272600,0.00274700,0.00270800,0.00272800,6420826.90000000,1770267599999999,17512.65393830,1934,3214103.70000000,8769.16630230,0
1770267600000000,0.00272600,0.00276100,0.00269700,0.00272300,6260567.80000000,1770271199999999,17079.64632010,1707,2736585.50000000,7463.58521220,0
1770271200000000,0.00272400,0.00272900,0.00269700,0.00271600,5042193.00000000,1770274799999999,13676.19955790,1478,2869807.60000000,7786.77875620,0
1770274800000000,0.00271600,0.00275800,0.00269500,0.00270400,6595569.30000000,1770278399999999,17989.66986590,1759,3389407.30000000,9252.47056720,0
1770278400000000,0.00270600,0.00275600,0.00270500,0.00274100,5236749.20000000,1770281999999999,14324.19017660,1546,3021832.60000000,8265.83018810,0
1770282000000000,0.00274100,0.00277500,0.00273900,0.00274500,5496535.50000000,1770285599999999,15152.41733980,1510,3257893.50000000,8982.68171740,0
1770285600000000,0.00274600,0.00274800,0.00266700,0.00268100,5674387.10000000,1770289199999999,15384.17500400,1406,2532378.70000000,6871.95461550,0
1770289200000000,0.00268200,0.00269800,0.00261800,0.00266900,9649873.90000000,1770292799999999,25717.28389710,2350,5069921.90000000,13517.09481440,0
1770292800000000,0.00267100,0.00267500,0.00262500,0.00265100,10210147.40000000,1770296399999999,27046.48688380,2596,4832160.70000000,12807.29298250,0
1770296400000000,0.00265300,0.00267700,0.00263000,0.00263900,9795346.70000000,1770299999999999,26000.70280150,2119,5781784.10000000,15365.64126580,0
1770300000000000,0.00263900,0.00270800,0.00263800,0.00264400,12332247.40000000,1770303599999999,32921.28099610,3538,6593088.00000000,17604.43509850,0
1770303600000000,0.00264500,0.00265100,0.00247800,0.00254700,28550400.70000000,1770307199999999,72803.37144450,6655,14644367.90000000,37330.02414540,0
1770307200000000,0.00254800,0.00260600,0.00252100,0.00256500,20231082.20000000,1770310799999999,51761.92400540,4334,10713827.90000000,27397.09232530,0
1770310800000000,0.00256600,0.00257500,0.00248600,0.00251100,19375748.70000000,1770314399999999,49166.91339860,3444,9125579.40000000,23134.35337680,0
1770314400000000,0.00250900,0.00253300,0.00247700,0.00252200,13810061.40000000,1770317999999999,34560.04028860,3174,7245673.90000000,18131.79683910,0
1770318000000000,0.00252300,0.00252600,0.00246900,0.00247400,11782691.00000000,1770321599999999,29433.81584080,2518,5867119.10000000,14649.09459640,0
1770321600000000,0.00247400,0.00250100,0.00236300,0.00244500,32251069.20000000,1770325199999999,78444.62073720,6822,14855456.10000000,36136.95735540,0
1770325200000000,0.00244400,0.00250500,0.00239900,0.00242000,22492959.00000000,1770328799999999,55079.74732900,3985,11478203.40000000,28114.32667350,0
1770328800000000,0.00242000,0.00247300,0.00239000,0.00242200,15360173.60000000,1770332399999999,37328.35796660,2343,8021767.70000000,19488.19719160,0
1770332400000000,0.00242600,0.00246600,0.00237200,0.00237500,9513450.10000000,1770335999999999,23012.85400420,1674,3611376.40000000,8729.75631190,0
1770336000000000,0.00237600,0.00241600,0.00217500,0.00237200,87048533.30000000,1770339599999999,199332.11366720,7989,43507905.00000000,99638.52474030,0
1770339600000000,0.00237200,0.00243000,0.00236400,0.00242600,18384272.10000000,1770343199999999,44016.65730940,3097,8420939.30000000,20152.79821140,0
1770343200000000,0.00242600,0.00244600,0.00235900,0.00237900,12769757.10000000,1770346799999999,30592.48070540,2321,5269950.90000000,12628.60076830,0
1770346800000000,0.00238000,0.00240700,0.00237000,0.00239300,9694279.60000000,1770350399999999,23159.86561450,2312,4594183.60000000,10977.06095680,0
1770350400000000,0.00239400,0.00242500,0.00238200,0.00240800,5548983.20000000,1770353999999999,13342.83242130,1608,2555282.90000000,6146.75361630,0
1770354000000000,0.00240700,0.00247300,0.00240500,0.00246700,12833321.10000000,1770357599999999,31325.69803070,2547,6104802.60000000,14889.06089750,0
1770357600000000,0.00246700,0.00247100,0.00242200,0.00242400,8247615.60000000,1770361199999999,20200.43062320,1851,3602609.90000000,8819.95158750,0
1770361200000000,0.00242500,0.00243600,0.00239800,0.00242600,10045992.00000000,1770364799999999,24265.55285500,1888,3969349.90000000,9591.97552680,0
1770364800000000,0.00242600,0.00244700,0.00240400,0.00241300,8203175.30000000,1770368399999999,19863.62939440,1927,4514328.60000000,10937.02919430,0
1770368400000000,0.00241300,0.00245600,0.00239300,0.00244800,9079544.70000000,1770371999999999,22026.57608500,1950,5518908.30000000,13385.00284800,0
1770372000000000,0.00244600,0.00247600,0.00244300,0.00246300,8575739.00000000,1770375599999999,21089.26392870,1404,4061514.30000000,9987.61909420,0
1770375600000000,0.00246400,0.00248600,0.00245900,0.00248100,5761702.60000000,1770379199999999,14251.16066720,1585,2975220.40000000,7361.70702260,0
1770379200000000,0.00248100,0.00248400,0.00246300,0.00247900,4705345.60000000,1770382799999999,11637.90584080,1159,2230915.20000000,5517.53831990,0
1770382800000000,0.00247800,0.00252100,0.00247500,0.00250800,8456526.10000000,1770386399999999,21156.77658380,1942,4779650.80000000,11950.31523250,0
1770386400000000,0.00250600,0.00259400,0.00249100,0.00256300,12436574.80000000,1770389999999999,31657.03105220,3033,6065807.30000000,15452.90222940,0
1770390000000000,0.00256300,0.00258100,0.00253100,0.00257000,7780371.00000000,1770393599999999,19897.24272240,2235,4042614.20000000,10341.41012820,0
1770393600000000,0.00257100,0.00261900,0.00256100,0.00261100,7976281.20000000,1770397199999999,20720.91565180,2182,4178184.90000000,10855.94239520,0
1770397200000000,0.00261000,0.00266100,0.00259900,0.00263000,9972750.60000000,1770400799999999,26227.64760210,2490,5059314.90000000,13301.11822940,0
1770400800000000,0.00263100,0.00263200,0.00256900,0.00258500,7582720.30000000,1770404399999999,19657.93704190,1902,3851525.00000000,9989.94708340,0
1770404400000000,0.00258600,0.00258900,0.00255400,0.00257500,6007264.00000000,1770407999999999,15421.54778080,1310,2721198.60000000,6988.35862830,0
1770408000000000,0.00257500,0.00258200,0.00253700,0.00254100,6067008.60000000,1770411599999999,15515.11009930,1386,3207325.90000000,8200.30433750,0
1770411600000000,0.00254100,0.00256900,0.00253700,0.00256300,5744187.40000000,1770415199999999,14676.81860900,1313,3173681.20000000,8110.19909990,0
1770415200000000,0.00256400,0.00260200,0.00256100,0.00259000,4222666.90000000,1770418799999999,10887.16267680,1269,2253632.50000000,5811.73039780,0
1770418800000000,0.00259200,0.00260300,0.00255900,0.00255900,2517484.00000000,1770422399999999,6487.03804450,619,1107101.10000000,2853.40825390,0
1770422400000000,0.00256600,0.00257800,0.00253900,0.00255000,7134770.80000000,1770425999999999,18273.67020850,1322,3125789.00000000,8006.54590620,0
1770426000000000,0.00255000,0.00256000,0.00253200,0.00255300,4479147.20000000,1770429599999999,11410.87854990,1219,2227918.20000000,5676.33619940,0
1770429600000000,0.00255300,0.00257000,0.00254700,0.00256300,3527157.60000000,1770433199999999,9030.69364780,975,1466806.90000000,3756.95548680,0
1770433200000000,0.00256500,0.00258400,0.00255900,0.00256700,4827322.80000000,1770436799999999,12402.39267360,1108,2349969.10000000,6039.51119160,0
1770436800000000,0.00256700,0.00258900,0.00254000,0.00255000,7401735.30000000,1770440399999999,19002.31147900,1705,3762172.40000000,9665.74063460,0
1770440400000000,0.00255100,0.00256600,0.00253300,0.00254100,5834157.80000000,1770443999999999,14877.46057670,1337,2118417.30000000,5404.73057720,0
1770444000000000,0.00254100,0.00255300,0.00248900,0.00249400,6567729.80000000,1770447599999999,16643.63084860,1386,2954689.60000000,7485.02814780,0
1770447600000000,0.00249300,0.00249800,0.00243600,0.00246300,14854532.50000000,1770451199999999,36697.96856670,2670,7972875.20000000,19698.31589800,0
1770451200000000,0.00246200,0.00247500,0.00244200,0.00247000,6473731.70000000,1770454799999999,15924.67278440,1357,3168708.50000000,7801.66696680,0
1770454800000000,0.00246800,0.00247900,0.00244300,0.00246000,6590580.40000000,1770458399999999,16229.41859730,1416,2267616.30000000,5580.68074250,0
1770458400000000,0.00246000,0.00247700,0.00245500,0.00247300,5511048.30000000,1770461999999999,13584.93707060,1291,2908955.70000000,7172.56565220,0
1770462000000000,0.00247300,0.00247500,0.00245600,0.00247300,6183658.40000000,1770465599999999,15259.79207530,1286,2209762.50000000,5453.98905440,0
1770465600000000,0.00247300,0.00253900,0.00246400,0.00252800,9163327.80000000,1770469199999999,23016.82160180,1907,4916029.80000000,12340.76979710,0
1770469200000000,0.00252900,0.00253700,0.00249000,0.00251400,6120768.10000000,1770472799999999,15377.12504980,1411,2767787.60000000,6953.01024530,0
1770472800000000,0.00251400,0.00253100,0.00249000,0.00249700,6344138.60000000,1770476399999999,15945.73349240,1502,3092890.40000000,7773.36854510,0
1770476400000000,0.00249800,0.00253600,0.00249200,0.00252000,5574740.50000000,1770479999999999,14039.02230440,1556,2506292.20000000,6313.21119100,0
1770480000000000,0.00252100,0.00258100,0.00252100,0.00255100,13520810.30000000,1770483599999999,34535.02905450,3523,6653522.30000000,16997.18157590,0
1770483600000000,0.00255100,0.00255100,0.00252900,0.00253800,3194375.60000000,1770487199999999,8113.70924750,921,1439330.30000000,3656.38135620,0
1770487200000000,0.00253900,0.00258200,0.00253100,0.00256900,3832797.10000000,1770490799999999,9803.44742730,1118,1909560.00000000,4883.96634080,0
1770490800000000,0.00256900,0.00257300,0.00255000,0.00255500,4265738.70000000,1770494399999999,10924.00323850,1191,2285825.30000000,5855.98188180,0
1770494400000000,0.00255400,0.00257000,0.00254600,0.00256400,5340746.60000000,1770497999999999,13665.16356520,1313,2624557.80000000,6718.55226100,0
1770498000000000,0.00256400,0.00257600,0.00255100,0.00255600,4220909.20000000,1770501599999999,10828.82469470,1048,1710643.80000000,4389.28034490,0
1770501600000000,0.00255600,0.00257100,0.00254900,0.00255300,2290692.10000000,1770505199999999,5857.76077570,665,1008346.40000000,2579.17094710,0
1770505200000000,0.00255300,0.00257500,0.00254600,0.00256600,3838074.30000000,1770508799999999,9826.11619650,984,1883525.80000000,4822.88892040,0
1770508800000000,0.00256600,0.00256800,0.00254500,0.00254700,3854294.40000000,1770512399999999,9846.77144100,1041,1566076.20000000,4000.68182270,0
1770512400000000,0.00254700,0.00256000,0.00253500,0.00254400,2758520.90000000,1770515999999999,7030.43057000,782,1229195.30000000,3133.61358600,0
1770516000000000,0.00254400,0.00254900,0.00252400,0.00253600,3393124.40000000,1770519599999999,8611.71200250,901,1394942.90000000,3541.14081260,0
1770519600000000,0.00253800,0.00254300,0.00252100,0.00252600,3994658.20000000,1770523199999999,10115.50161800,977,1722036.60000000,4362.53423730,0
1770523200000000,0.00252700,0.00252800,0.00250800,0.00252500,4924139.90000000,1770526799999999,12414.98753920,1040,2298861.40000000,5796.78967280,0
1770526800000000,0.00252400,0.00252900,0.00250600,0.00251200,3700712.70000000,1770530399999999,9317.12983520,981,1570043.10000000,3954.44246760,0
1770530400000000,0.00251100,0.00251700,0.00250100,0.00250300,3117270.40000000,1770533999999999,7827.06901040,786,1202631.20000000,3020.08972890,0
1770534000000000,0.00250200,0.00251700,0.00249100,0.00251200,5231657.50000000,1770537599999999,13095.58246240,1104,2412996.10000000,6044.24102460,0
1770537600000000,0.00251200,0.00253000,0.00249500,0.00252600,6779337.60000000,1770541199999999,17051.86290150,1645,3784206.50000000,9522.63404700,0
1770541200000000,0.00252400,0.00252900,0.00249300,0.00249800,7122042.70000000,1770544799999999,17872.96636620,1352,2361019.90000000,5923.33211040,0
1770544800000000,0.00249700,0.00251000,0.00248000,0.00248600,4214692.90000000,1770548399999999,10513.42976830,1100,2000320.50000000,4989.47963210,0
1770548400000000,0.00248800,0.00253000,0.00248600,0.00252900,5750073.10000000,1770551999999999,14435.05476850,1379,2912086.00000000,7307.68469920,0
1770552000000000,0.00253000,0.00254400,0.00251200,0.00251900,5106340.10000000,1770555599999999,12910.69862600,1172,2240261.60000000,5666.54854110,0
1770555600000000,0.00251900,0.00253000,0.00250800,0.00251800,4283400.50000000,1770559199999999,10790.74264190,939,2176435.00000000,5482.38266420,0
1770559200000000,0.00251900,0.00252700,0.00251000,0.00252500,5493977.70000000,1770562799999999,13845.78956630,1332,2254677.10000000,5682.44409730,0
1770562800000000,0.00252400,0.00252800,0.00249200,0.00250200,6457179.50000000,1770566399999999,16205.52934050,1434,2757938.80000000,6920.88503920,0
1770566400000000,0.00250000,0.00250900,0.00244700,0.00245300,7224808.50000000,1770569999999999,17935.85472340,1822,3579959.40000000,8877.52002930,0
1770570000000000,0.00245200,0.00248200,0.00245200,0.00247600,4685768.30000000,1770573599999999,11582.28610570,1235,2264845.20000000,5598.87277660,0
1770573600000000,0.00247600,0.00250400,0.00247500,0.00248700,4600995.10000000,1770577199999999,11443.95829860,1219,2093952.50000000,5208.17037970,0
1770577200000000,0.00248800,0.00250700,0.00248600,0.00250400,4216273.80000000,1770580799999999,10519.11264620,1115,2020803.70000000,5042.72176310,0
1770580800000000,0.00250300,0.00250400,0.00247700,0.00248000,5209053.70000000,1770584399999999,12971.99623540,1304,2355903.40000000,5866.01775820,0
1770584400000000,0.00247900,0.00249500,0.00245700,0.00246800,5125407.70000000,1770587999999999,12689.80506080,1121,2323612.70000000,5749.60376990,0
1770588000000000,0.00246900,0.00247700,0.00245000,0.00245700,3635661.80000000,1770591599999999,8962.30877570,854,1563438.50000000,3857.48045140,0
1770591600000000,0.00246200,0.00251400,0.00244000,0.00245900,7307722.90000000,1770595199999999,18014.50143120,1777,3692116.90000000,9107.35729790,0
1770595200000000,0.00245900,0.00247100,0.00243300,0.00245600,7323427.30000000,1770598799999999,17975.92299810,1758,3568894.40000000,8764.01968810,0
1770598800000000,0.00245500,0.00247900,0.00244200,0.00246100,7045963.20000000,1770602399999999,17334.12056230,1800,3582118.40000000,8812.30750910,0
1770602400000000,0.00246000,0.00249400,0.00245300,0.00248000,5462478.60000000,1770605999999999,13503.03460940,1401,2667490.30000000,6594.56903050,0
1770606000000000,0.00248000,0.00251600,0.00247100,0.00250800,6295248.90000000,1770609599999999,15693.62714040,1274,2099990.00000000,5232.84165650,0
1770609600000000,0.00250800,0.00251200,0.00248900,0.00249600,3739017.20000000,1770613199999999,9356.27333280,1122,1945916.20000000,4870.45431800,0
1770613200000000,0.00249600,0.00251800,0.00249000,0.00251500,4062367.00000000,1770616799999999,10184.51007080,1067,1710282.90000000,4288.84587300,0
1770616800000000,0.00251300,0.00251400,0.00248700,0.00250100,3755698.70000000,1770620399999999,9397.65170770,1067,1985253.10000000,4970.37865450,0
1770620400000000,0.00250000,0.00251600,0.00248900,0.00249500,3762060.20000000,1770623999999999,9417.73566640,1123,1750122.80000000,4382.61430500,0
1770624000000000,0.00249500,0.00250200,0.00244200,0.00246500,5096284.60000000,1770627599999999,12584.34042560,1277,2238236.80000000,5526.31027360,0
1770627600000000,0.00246500,0.00248000,0.00244000,0.00245800,3552996.20000000,1770631199999999,8741.92930610,924,1723044.10000000,4242.08019450,0
1770631200000000,0.00245800,0.00246300,0.00241900,0.00243200,5801262.40000000,1770634799999999,14156.41206120,1247,2545776.50000000,6217.14870620,0
1770634800000000,0.00243200,0.00245300,0.00243100,0.00244600,4272196.90000000,1770638399999999,10446.73109040,973,2246333.00000000,5495.02308110,0
1770638400000000,0.00244600,0.00247100,0.00244400,0.00245700,4176848.30000000,1770641999999999,10271.67170190,904,1947892.60000000,4791.83572120,0
1770642000000000,0.00245800,0.00247300,0.00245300,0.00245700,4421093.20000000,1770645599999999,10891.19867270,974,2277085.30000000,5610.17107150,0
1770645600000000,0.00245600,0.00250700,0.00244400,0.00248900,6388389.10000000,1770649199999999,15789.47522810,1517,3409968.50000000,8434.41205890,0
1770649200000000,0.00249000,0.00251000,0.00247200,0.00250100,4255247.90000000,1770652799999999,10616.17544060,1129,2178929.00000000,5436.20361590,0
1770652800000000,0.00250400,0.00252900,0.00247300,0.00252100,7811863.50000000,1770656399999999,19524.20230730,1041,4931375.90000000,12314.09868820,0
1770656400000000,0.00252000,0.00254700,0.00249800,0.00253600,11423004.00000000,1770659999999999,28842.06641080,1346,6285617.10000000,15874.30813500,0
1770660000000000,0.00253300,0.00253900,0.00250800,0.00251500,7485470.40000000,1770663599999999,18870.32967800,939,2279672.70000000,5751.11348690,0
1770663600000000,0.00251900,0.00255700,0.00251400,0.00255500,3618539.10000000,1770667199999999,9173.51726430,809,2031589.30000000,5148.25336080,0
1770667200000000,0.00255600,0.00255800,0.00251900,0.00253800,3690353.70000000,1770670799999999,9353.70474590,787,1430770.50000000,3627.29016480,0
1770670800000000,0.00253400,0.00254200,0.00251300,0.00253200,3172206.80000000,1770674399999999,8022.83504400,668,1804634.20000000,4563.55590860,0
1770674400000000,0.00253200,0.00254000,0.00252100,0.00252700,3975674.40000000,1770677999999999,10065.45105620,775,2033344.50000000,5150.13267130,0
1770678000000000,0.00252700,0.00253100,0.00250800,0.00251400,2286382.60000000,1770681599999999,5749.45343710,550,909058.80000000,2287.12501470,0
1770681600000000,0.00251900,0.00252600,0.00250800,0.00251300,2610911.70000000,1770685199999999,6563.33767590,668,1644679.70000000,4134.88818340,0
1770685200000000,0.00251300,0.00252400,0.00250800,0.00252200,3781613.10000000,1770688799999999,9506.41830420,830,2611591.10000000,6567.32713830,0
1770688800000000,0.00252400,0.00252400,0.00250800,0.00251000,2996157.30000000,1770692399999999,7533.15057420,613,1594117.50000000,4009.15831130,0
1770692400000000,0.00251400,0.00251400,0.00245900,0.00247600,6312703.50000000,1770695999999999,15708.07364390,1074,2929481.40000000,7275.51805290,0
1770696000000000,0.00247500,0.00250500,0.00247400,0.00250000,4807258.20000000,1770699599999999,11971.41183000,865,2226819.80000000,5553.40678700,0
1770699600000000,0.00249700,0.00250300,0.00246400,0.00247800,4950061.70000000,1770703199999999,12289.45912650,705,1188601.00000000,2954.84528290,0
1770703200000000,0.00247700,0.00248400,0.00244100,0.00244400,4104962.30000000,1770706799999999,10125.03986280,801,2679102.30000000,6607.54174890,0
1770706800000000,0.00244400,0.00247100,0.00243900,0.00245000,3222254.50000000,1770710399999999,7899.60729090,625,1391836.90000000,3411.44438470,0
1770710400000000,0.00245100,0.00246600,0.00243900,0.00244400,4415644.10000000,1770713999999999,10818.45348520,713,2448479.60000000,6006.32268790,0
1770714000000000,0.00244400,0.00246300,0.00244300,0.00245500,2717828.60000000,1770717599999999,6666.20042950,510,1675385.50000000,4110.57680080,0
1770717600000000,0.00245100,0.00246200,0.00243300,0.00244000,6051382.70000000,1770721199999999,14829.54248110,708,4012175.50000000,9839.90625360,0
1770721200000000,0.00243600,0.00245800,0.00243400,0.00243900,4935766.70000000,1770724799999999,12064.76389780,702,2830219.40000000,6922.53116530,0
1770724800000000,0.00243900,0.00245000,0.00242700,0.00243800,4472708.00000000,1770728399999999,10896.60419980,787,2290640.60000000,5584.54275680,0
1770728400000000,0.00243800,0.00247100,0.00243400,0.00246100,7563960.30000000,1770731999999999,18548.11389970,893,4247085.80000000,10419.68740930,0
1770732000000000,0.00246100,0.00248000,0.00243300,0.00246800,8519583.60000000,1770735599999999,20993.85526560,1127,4386806.70000000,10804.21833470,0
1770735600000000,0.00246800,0.00247400,0.00244500,0.00247400,5129797.50000000,1770739199999999,12635.26389740,844,2276966.30000000,5611.99467690,0
1770739200000000,0.00247400,0.00249200,0.00245400,0.00247300,5183633.80000000,1770742799999999,12831.93223050,953,2441007.30000000,6041.71663390,0
1770742800000000,0.00247300,0.00248200,0.00246000,0.00247500,4735254.40000000,1770746399999999,11701.29104320,842,2248954.40000000,5560.00786490,0
1770746400000000,0.00247400,0.00247800,0.00243800,0.00244100,5672870.60000000,1770749999999999,13935.10063720,931,3188767.90000000,7823.52567100,0
1770750000000000,0.00243800,0.00246300,0.00242900,0.00244700,3649448.00000000,1770753599999999,8915.16060010,679,1938373.50000000,4736.76065550,0
1770753600000000,0.00244700,0.00247000,0.00243700,0.00245200,5504689.40000000,1770757199999999,13478.22839520,889,2578565.20000000,6318.87380050,0
1770757200000000,0.00245800,0.00246100,0.00244000,0.00245200,3633667.80000000,1770760799999999,8900.88431620,683,1401223.70000000,3434.62659550,0
1770760800000000,0.00245200,0.00247600,0.00244700,0.00246600,3415575.20000000,1770764399999999,8419.91372090,676,2091937.40000000,5158.09177130,0
1770764400000000,0.00247400,0.00248600,0.00245900,0.00246700,3855237.70000000,1770767999999999,9532.83122020,726,1877185.70000000,4642.31240710,0
1770768000000000,0.00247300,0.00247700,0.00245300,0.00246300,3714323.10000000,1770771599999999,9151.11276850,688,1467262.50000000,3611.66122760,0
1770771600000000,0.00246800,0.00247800,0.00246200,0.00247600,2090927.60000000,1770775199999999,5158.05758740,460,825786.70000000,2037.65859470,0
1770775200000000,0.00247200,0.00248800,0.00247200,0.00247500,3519832.30000000,1770778799999999,8733.02588160,646,1175934.10000000,2918.35318740,0
1770778800000000,0.00247500,0.00249300,0.00245200,0.00247700,4602700.30000000,1770782399999999,11390.12611300,798,2850252.10000000,7051.06017050,0
1770782400000000,0.00247900,0.00248200,0.00243900,0.00244600,5987927.10000000,1770785999999999,14719.77757030,1046,2119384.10000000,5218.27107800,0
1770786000000000,0.00244600,0.00246100,0.00244000,0.00245000,4268055.60000000,1770789599999999,10459.17038520,706,1920763.90000000,4708.51911440,0
1770789600000000,0.00244500,0.00245800,0.00240200,0.00241600,6411628.60000000,1770793199999999,15579.44935120,941,3310581.50000000,8049.12745900,0
1770793200000000,0.00242100,0.00243500,0.00241300,0.00243100,3208125.00000000,1770796799999999,7775.83217780,643,1996341.90000000,4838.99542290,0
1770796800000000,0.00243100,0.00243400,0.00240200,0.00243400,5326187.40000000,1770800399999999,12874.63365230,809,2760916.70000000,6681.53428230,0
1770800400000000,0.00243100,0.00245200,0.00241600,0.00242200,5734049.10000000,1770803999999999,13936.77807850,848,2411438.50000000,5865.00844460,0
1770804000000000,0.00242800,0.00243000,0.00240200,0.00241900,6752846.70000000,1770807599999999,16325.66842180,854,2015593.90000000,4873.17928310,0
1770807600000000,0.00241700,0.00244600,0.00241700,0.00242600,4695984.50000000,1770811199999999,11408.81243100,659,1673059.80000000,4068.50847060,0
1770811200000000,0.00242600,0.00245000,0.00242200,0.00244800,3346576.90000000,1770814799999999,8148.40427240,625,1674343.80000000,4077.89222200,0
1770814800000000,0.00244800,0.00249400,0.00244000,0.00249400,5318592.70000000,1770818399999999,13130.65652910,943,3449216.00000000,8519.90872040,0
1770818400000000,0.00249200,0.00255000,0.00245900,0.00246100,13253436.20000000,1770821999999999,33313.48471760,1803,5403662.70000000,13546.37976560,0
1770822000000000,0.00246200,0.00248000,0.00243600,0.00246500,11315051.80000000,1770825599999999,27785.64245890,1358,5373578.20000000,13180.23931210,0
1770825600000000,0.00246500,0.00249000,0.00244000,0.00244400,6836847.10000000,1770829199999999,16858.40646760,959,2474844.00000000,6106.76121980,0
1770829200000000,0.00244200,0.00248500,0.00243400,0.00246900,4343029.60000000,1770832799999999,10686.41120010,842,2289070.70000000,5630.77212440,0
1770832800000000,0.00246800,0.00248800,0.00244300,0.00247900,6718053.80000000,1770836399999999,16609.89131500,989,3081642.90000000,7617.98824320,0
1770836400000000,0.00247800,0.00249000,0.00245300,0.00247100,4276411.10000000,1770839999999999,10576.38092940,782,2350137.20000000,5818.77536120,0
1770840000000000,0.00247000,0.00249100,0.00244600,0.00248500,4066052.30000000,1770843599999999,10014.26600240,912,1974553.50000000,4866.40142380,0
1770843600000000,0.00248900,0.00251300,0.00247300,0.00249700,5036981.60000000,1770847199999999,12545.69236270,785,2519581.20000000,6278.87507510,0
1770847200000000,0.00249800,0.00254700,0.00249600,0.00250900,7865460.20000000,1770850799999999,19876.70263360,828,3792715.10000000,9591.23801300,0
1770850800000000,0.00250900,0.00252300,0.00249300,0.00250500,3248425.10000000,1770854399999999,8141.98316350,503,2039043.80000000,5112.07710250,0
1770854400000000,0.00250700,0.00254600,0.00250200,0.00253900,2986012.30000000,1770857999999999,7552.66212730,549,1742291.60000000,4410.19717200,0
1770858000000000,0.00253600,0.00255900,0.00253600,0.00255300,3286349.60000000,1770861599999999,8371.33137600,569,1523492.30000000,3880.60812820,0
1770861600000000,0.00255300,0.00256000,0.00254000,0.00254200,5521353.10000000,1770865199999999,14085.29708680,622,1686324.80000000,4304.66930430,0
1770865200000000,0.00254200,0.00257700,0.00254100,0.00256800,2628892.10000000,1770868799999999,6732.41357830,458,1398506.40000000,3584.07406610,0
1770868800000000,0.00256800,0.00259700,0.00256600,0.00259000,5226342.20000000,1770872399999999,13492.44099650,660,2998371.90000000,7744.47938740,0
1770872400000000,0.00259000,0.00261300,0.00256200,0.00259700,6431917.00000000,1770875999999999,16687.14967930,758,3528817.40000000,9169.68196720,0
1770876000000000,0.00259800,0.00263400,0.00259800,0.00262600,6181868.40000000,1770879599999999,16200.50396760,783,3996539.70000000,10476.14146750,0
1770879600000000,0.00263000,0.00265900,0.00261800,0.00264800,8027666.90000000,1770883199999999,21181.58119490,972,4023904.80000000,10629.35658760,0
1770883200000000,0.00264100,0.00265900,0.00263100,0.00264300,5167096.70000000,1770886799999999,13673.22884240,681,2766368.40000000,7327.23169280,0
1770886800000000,0.00264500,0.00266200,0.00262800,0.00266000,7447039.10000000,1770890399999999,19693.96442400,1005,4274384.00000000,11321.59125260,0
1770890400000000,0.00266000,0.00270300,0.00265100,0.00270300,5427035.40000000,1770893999999999,14505.34017880,765,3487171.90000000,9324.88479760,0
1770894000000000,0.00270100,0.00271300,0.00264800,0.00265300,11071026.90000000,1770897599999999,29688.61933080,954,3897265.60000000,10459.56118020,0
1770897600000000,0.00265000,0.00265400,0.00261800,0.00263200,6131827.50000000,1770901199999999,16157.72115270,655,3129390.80000000,8247.77780020,0
1770901200000000,0.00263700,0.00263700,0.00261000,0.00261800,4172437.50000000,1770904799999999,10943.59812820,507,1835651.10000000,4815.33345830,0
1770904800000000,0.00261800,0.00262100,0.00258500,0.00259100,10163121.20000000,1770908399999999,26418.16302770,801,5423081.60000000,14105.93446700,0
1770908400000000,0.00259200,0.00259800,0.00252700,0.00254100,11769426.30000000,1770911999999999,30249.04434320,1031,4608433.30000000,11859.81028810,0
1770912000000000,0.00254300,0.00255900,0.00249600,0.00251300,17195763.30000000,1770915599999999,43447.73796360,1033,7968961.10000000,20130.61749610,0
1770915600000000,0.00251300,0.00253800,0.00250000,0.00250300,14346387.70000000,1770919199999999,36141.22281190,742,4682069.00000000,11809.63040240,0
1770919200000000,0.00250000,0.00253200,0.00249900,0.00252200,5462123.20000000,1770922799999999,13756.91141700,547,2571795.60000000,6476.69729630,0
1770922800000000,0.00252700,0.00257600,0.00251300,0.00255700,4991769.20000000,1770926399999999,12711.18399910,621,2696290.80000000,6870.91351450,0
1770926400000000,0.00255300,0.00256200,0.00253100,0.00254200,4794499.30000000,1770929999999999,12198.91182050,562,2187968.50000000,5570.98883400,0
1770930000000000,0.00254100,0.00257800,0.00254100,0.00256300,3559029.30000000,1770933599999999,9126.32304850,435,2242288.50000000,5751.66268860,0
1770933600000000,0.00256500,0.00259100,0.00254900,0.00258000,3986853.00000000,1770937199999999,10215.10780860,399,1902200.00000000,4872.83033050,0
1770937200000000,0.00258100,0.00261000,0.00258000,0.00260700,5191854.40000000,1770940799999999,13486.37217820,955,2099342.20000000,5455.77701410,0
1770940800000000,0.00260600,0.00261800,0.00256400,0.00258100,4668474.50000000,1770944399999999,12083.54928510,806,2277914.80000000,5899.75176060,0
1770944400000000,0.00257600,0.00261000,0.00257100,0.00259200,6363071.80000000,1770947999999999,16508.30099660,857,3161090.20000000,8202.65987740,0
1770948000000000,0.00259500,0.00261300,0.00258900,0.00259100,6537198.30000000,1770951599999999,16994.03706970,1014,3243330.40000000,8434.33912970,0
1770951600000000,0.00259500,0.00260900,0.00258300,0.00258600,5882071.90000000,1770955199999999,15255.84156530,796,2622564.00000000,6804.28317850,0
1770955200000000,0.00259000,0.00259100,0.00256900,0.00257100,5599977.60000000,1770958799999999,14441.71072750,832,2231242.40000000,5759.47505890,0
1770958800000000,0.00257500,0.00257800,0.00256100,0.00256600,5085372.60000000,1770962399999999,13060.27736240,725,2454466.10000000,6302.62749430,0
1770962400000000,0.00256600,0.00258100,0.00255000,0.00258100,5863537.50000000,1770965999999999,15030.86443780,701,2347204.40000000,6022.55746360,0
1770966000000000,0.00257800,0.00260300,0.00257600,0.00258800,5420787.50000000,1770969599999999,14027.79612610,752,2290740.10000000,5934.11449220,0
1770969600000000,0.00259100,0.00262600,0.00258600,0.00262200,4730559.60000000,1770973199999999,12333.51380680,767,2544621.50000000,6632.43559870,0
1770973200000000,0.00262100,0.00262400,0.00261500,0.00261800,3359550.80000000,1770976799999999,8801.26364350,734,1667877.60000000,4370.86027490,0
1770976800000000,0.00262200,0.00265400,0.00261900,0.00263800,11890158.00000000,1770980399999999,31375.49593400,1320,5850101.20000000,15452.70988420,0
1770980400000000,0.00263500,0.00264200,0.00261300,0.00262200,8036122.00000000,1770983999999999,21124.00696050,1114,4263111.80000000,11211.50141470,0
1770984000000000,0.00262200,0.00262200,0.00259000,0.00259800,4921063.90000000,1770987599999999,12796.75067010,811,2055265.10000000,5344.99217790,0
1770987600000000,0.00260000,0.00262300,0.00258800,0.00261100,8354135.60000000,1770991199999999,21764.36122350,1033,5529392.50000000,14416.69266600,0
1770991200000000,0.00260800,0.00264400,0.00259500,0.00262100,10194804.50000000,1770994799999999,26644.11083750,1401,4429047.70000000,11588.85155560,0
1770994800000000,0.00262200,0.00269200,0.00262200,0.00265400,7783370.90000000,1770998399999999,20731.58472540,1298,3774294.00000000,10048.15131560,0
1770998400000000,0.00265900,0.00272100,0.00265400,0.00270900,8211277.30000000,1771001999999999,22100.75608760,1221,4099956.30000000,11025.46014170,0
1771002000000000,0.00271300,0.00272300,0.00269600,0.00271300,4468196.50000000,1771005599999999,12092.96411410,886,2528694.10000000,6845.45483370,0
1771005600000000,0.00271200,0.00271300,0.00268400,0.00269400,6239339.10000000,1771009199999999,16795.40881210,991,3455951.50000000,9303.18938380,0
1771009200000000,0.00269800,0.00270200,0.00268100,0.00269300,4921811.00000000,1771012799999999,13243.31239090,764,2244016.00000000,6037.81601050,0
1771012800000000,0.00269700,0.00269700,0.00267400,0.00267400,4322613.90000000,1771016399999999,11600.29807970,828,2256099.60000000,6056.91464020,0
1771016400000000,0.00267400,0.00270100,0.00267400,0.00268800,5186793.40000000,1771019999999999,13941.44691670,831,1971248.90000000,5299.29612830,0
1771020000000000,0.00268800,0.00269100,0.00267100,0.00267900,3724108.60000000,1771023599999999,9978.20601080,624,1906661.50000000,5110.92028200,0
1771023600000000,0.00267900,0.00268000,0.00266200,0.00266700,4441111.60000000,1771027199999999,11855.65063810,610,2384273.80000000,6365.12366600,0
1771027200000000,0.00266400,0.00268500,0.00266100,0.00268300,3952238.60000000,1771030799999999,10564.21878710,656,2368952.10000000,6334.36896180,0
1771030800000000,0.00268200,0.00268300,0.00267000,0.00267500,4244330.10000000,1771034399999999,11354.04306220,649,1941684.70000000,5197.34492400,0
1771034400000000,0.00267500,0.00267700,0.00266100,0.00266300,2696675.80000000,1771037999999999,7200.96737920,544,1180776.30000000,3153.72143270,0
1771038000000000,0.00266500,0.00267600,0.00265900,0.00266400,3168342.60000000,1771041599999999,8452.66357930,634,1558603.00000000,4158.59306070,0
1771041600000000,0.00266400,0.00266700,0.00265400,0.00266500,4271280.40000000,1771045199999999,11369.24484120,625,1761666.90000000,4689.52130400,0
1771045200000000,0.00266200,0.00266600,0.00265100,0.00265400,2558716.70000000,1771048799999999,6806.68434800,401,844948.60000000,2248.14398100,0
1771048800000000,0.00265200,0.00265800,0.00265100,0.00265600,2124951.70000000,1771052399999999,5640.05865760,450,1146156.00000000,3042.89170170,0
1771052400000000,0.00265600,0.00267200,0.00265300,0.00266400,2611490.50000000,1771055999999999,6960.62612270,517,1473131.50000000,3926.77848080,0
1771056000000000,0.00266700,0.00268600,0.00266500,0.00268200,5409135.50000000,1771059599999999,14482.43604130,805,3861255.30000000,10338.10341240,0
1771059600000000,0.00268400,0.00268600,0.00267600,0.00267800,3699793.00000000,1771063199999999,9921.68230070,742,2047162.00000000,5491.44949890,0
1771063200000000,0.00267800,0.00270400,0.00265000,0.00266900,23093605.30000000,1771066799999999,61770.22830590,2382,14756173.80000000,39500.84138850,0
1771066800000000,0.00266600,0.00269500,0.00266200,0.00268200,6694690.10000000,1771070399999999,17949.86640780,1192,3260305.90000000,8738.85630140,0
1771070400000000,0.00268400,0.00269900,0.00267000,0.00267100,4384544.30000000,1771073999999999,11774.64921640,868,2029447.50000000,5452.33995770,0
1771074000000000,0.00267700,0.00268900,0.00266000,0.00267100,8071995.80000000,1771077599999999,21574.04047300,1072,3775791.80000000,10093.84480410,0
1771077600000000,0.00267500,0.00271900,0.00267100,0.00271400,12456831.00000000,1771081199999999,33584.98154370,1219,6537335.70000000,17636.20399190,0
1771081200000000,0.00271200,0.00272500,0.00268700,0.00272000,7752669.00000000,1771084799999999,20973.89689820,1461,4483043.20000000,12135.20934150,0
1771084800000000,0.00272000,0.00274700,0.00269700,0.00273800,9943679.10000000,1771088399999999,26993.75580610,1371,5283904.20000000,14347.06659390,0
1771088400000000,0.00273300,0.00275400,0.00272500,0.00274400,5773150.70000000,1771091999999999,15836.46784790,918,2679455.80000000,7357.63155440,0
1771092000000000,0.00274400,0.00275300,0.00272800,0.00274500,10812616.90000000,1771095599999999,29639.83457030,954,4840131.40000000,13263.31854260,0
1771095600000000,0.00274900,0.00276400,0.00273400,0.00275300,4835452.90000000,1771099199999999,13297.74394190,868,2897418.80000000,7973.19967530,0
1771099200000000,0.00274900,0.00275600,0.00272300,0.00273900,7794771.20000000,1771102799999999,21354.72199130,964,4114536.40000000,11279.23191890,0
1771102800000000,0.00274100,0.00275500,0.00272100,0.00273500,5425583.40000000,1771106399999999,14857.61018670,1021,2541193.30000000,6964.19347160,0
1771106400000000,0.00273900,0.00276100,0.00271800,0.00272800,9545179.80000000,1771109999999999,26165.44404860,1115,5056836.70000000,13852.45625660,0
1771110000000000,0.00273400,0.00273400,0.00269500,0.00269700,5302528.60000000,1771113599999999,14382.40596770,985,1742709.40000000,4725.81033750,0
1771113600000000,0.00270100,0.00271000,0.00268200,0.00269500,5408807.90000000,1771117199999999,14573.25118890,972,2671120.10000000,7198.10568770,0
1771117200000000,0.00269000,0.00271000,0.00268100,0.00270100,5787047.70000000,1771120799999999,15590.67457110,1065,2391003.30000000,6441.51936120,0
1771120800000000,0.00269600,0.00272100,0.00267400,0.00270300,5915860.30000000,1771124399999999,15944.15587080,987,2495032.70000000,6724.49066470,0
1771124400000000,0.00269800,0.00271700,0.00266200,0.00270800,7413087.60000000,1771127999999999,19991.85383130,1227,3379973.00000000,9120.63735010,0
1771128000000000,0.00270800,0.00273300,0.00269500,0.00270600,6245625.50000000,1771131599999999,16957.18060440,1055,2684501.90000000,7289.07173310,0
1771131600000000,0.00270300,0.00272900,0.00270300,0.00271700,6065100.30000000,1771135199999999,16493.54504550,1144,2653427.60000000,7217.47058430,0
1771135200000000,0.00271700,0.00273400,0.00270400,0.00271700,5019990.00000000,1771138799999999,13647.82292980,938,2388210.10000000,6494.13671110,0
1771138800000000,0.00271700,0.00274200,0.00271000,0.00273600,6826521.30000000,1771142399999999,18622.39351900,1042,3273639.10000000,8933.73983350,0
1771142400000000,0.00273800,0.00273900,0.00269300,0.00273200,4710837.30000000,1771145999999999,12800.73958740,970,2717248.80000000,7392.64288140,0
1771146000000000,0.00273200,0.00274000,0.00267800,0.00269800,11561578.20000000,1771149599999999,31362.03369730,1155,5982075.70000000,16218.44744420,0
1771149600000000,0.00269400,0.00270000,0.00267100,0.00268400,5704958.70000000,1771153199999999,15324.91444380,1024,2717807.00000000,7302.99056740,0
1771153200000000,0.00268400,0.00268400,0.00266100,0.00266900,5036345.30000000,1771156799999999,13467.46116050,822,1939998.20000000,5188.78895690,0
1771156800000000,0.00266800,0.00267300,0.00259500,0.00259500,7382638.30000000,1771160399999999,19553.37470720,1239,3957762.50000000,10487.96759200,0
1771160400000000,0.00259600,0.00263200,0.00256100,0.00256800,7382343.00000000,1771163999999999,19184.23835310,1377,3866849.20000000,10051.82234360,0
1771164000000000,0.00257200,0.00260500,0.00256500,0.00259000,7553837.30000000,1771167599999999,19495.39556360,1339,3993859.00000000,10308.83120380,0
1771167600000000,0.00258800,0.00260500,0.00257800,0.00259600,9040038.00000000,1771171199999999,23445.92048620,1289,4646732.80000000,12059.71019580,0
1771171200000000,0.00259600,0.00259600,0.00256600,0.00257300,5557195.20000000,1771174799999999,14353.75701490,1153,3192199.90000000,8248.28022280,0
1771174800000000,0.00257600,0.00258300,0.00252700,0.00254700,11821738.80000000,1771178399999999,30248.67630990,1728,5773956.10000000,14767.18027660,0
1771178400000000,0.00254900,0.00256200,0.00253300,0.00255000,7195943.20000000,1771181999999999,18343.23853750,1127,3532169.50000000,9003.32888160,0
1771182000000000,0.00255200,0.00257000,0.00253600,0.00254900,5375497.10000000,1771185599999999,13712.83707590,921,2849327.40000000,7271.33231980,0
1771185600000000,0.00254900,0.00258000,0.00254200,0.00256500,6001963.40000000,1771189199999999,15375.67303580,877,3459361.50000000,8863.75455780,0
1771189200000000,0.00256500,0.00258500,0.00256500,0.00257200,3563486.70000000,1771192799999999,9180.01396740,693,2163800.60000000,5575.60568040,0
1771192800000000,0.00257500,0.00258800,0.00256100,0.00258000,3338790.30000000,1771196399999999,8602.30857090,648,1870253.40000000,4822.11156520,0
1771196400000000,0.00257400,0.00261300,0.00257400,0.00260800,3868368.50000000,1771199999999999,10047.05560980,720,2416828.10000000,6278.53493910,0
1771200000000000,0.00261000,0.00262200,0.00259800,0.00260700,4093333.80000000,1771203599999999,10674.66682010,757,1737435.80000000,4532.67682010,0
1771203600000000,0.00260900,0.00262200,0.00259300,0.00260000,4217075.60000000,1771207199999999,10983.02733830,776,2484671.50000000,6470.71190910,0
1771207200000000,0.00260000,0.00261400,0.00259300,0.00259800,3757113.60000000,1771210799999999,9776.19689910,791,1912047.30000000,4976.37222690,0
1771210800000000,0.00260100,0.00261500,0.00259600,0.00261400,3798312.80000000,1771214399999999,9881.10929940,714,1872650.50000000,4873.97761310,0
1771214400000000,0.00261000,0.00262800,0.00260700,0.00262800,4423860.60000000,1771217999999999,11580.08491600,777,2775026.10000000,7267.20698490,0
1771218000000000,0.00263000,0.00263600,0.00259100,0.00261100,6097369.60000000,1771221599999999,15910.74439140,931,2787538.70000000,7274.41721860,0
1771221600000000,0.00260900,0.00262100,0.00260300,0.00261500,3843508.70000000,1771225199999999,10045.76569450,749,2086922.60000000,5455.06086170,0
1771225200000000,0.00261700,0.00262500,0.00260200,0.00262000,4839570.00000000,1771228799999999,12652.92241030,768,2312937.90000000,6049.53709960,0
1771228800000000,0.00262300,0.00263100,0.00261300,0.00261800,3986062.40000000,1771232399999999,10447.19289770,703,2070755.30000000,5429.39663180,0
1771232400000000,0.00262100,0.00263800,0.00261600,0.00262800,4907048.70000000,1771235999999999,12887.64194140,842,2851502.30000000,7489.80650620,0
1771236000000000,0.00262700,0.00263100,0.00261300,0.00261600,3387134.40000000,1771239599999999,8875.21691990,593,1337214.60000000,3505.09686020,0
1771239600000000,0.00261500,0.00262500,0.00259300,0.00262000,4917198.00000000,1771243199999999,12839.04407580,845,2277337.00000000,5948.87507900,0
1771243200000000,0.00262300,0.00266200,0.00260900,0.00265700,6314031.50000000,1771246799999999,16622.10669850,945,3732593.20000000,9832.02415060,0
1771246800000000,0.00266000,0.00267900,0.00261300,0.00262100,8862549.60000000,1771250399999999,23416.33524520,1114,3516285.10000000,9292.52204070,0
1771250400000000,0.00261800,0.00264300,0.00261000,0.00262800,6100792.20000000,1771253999999999,16017.92077410,926,2920120.70000000,7672.40571250,0
1771254000000000,0.00262600,0.00264000,0.00259100,0.00260400,7160690.40000000,1771257599999999,18728.71076530,1027,3197907.40000000,8364.01542680,0
1771257600000000,0.00260100,0.00263000,0.00260100,0.00262000,6997979.70000000,1771261199999999,18315.22184370,910,4042941.10000000,10578.10801720,0
1771261200000000,0.00262300,0.00264200,0.00261900,0.00263000,4474463.20000000,1771264799999999,11760.14181570,732,2154474.50000000,5666.32151670,0
1771264800000000,0.00262700,0.00264300,0.00262100,0.00262400,4755507.90000000,1771268399999999,12523.54708410,815,2509777.90000000,6611.76471710,0
1771268400000000,0.00262600,0.00265400,0.00262200,0.00264700,4113458.20000000,1771271999999999,10855.00939070,685,2249095.70000000,5937.02790730,0
1771272000000000,0.00264700,0.00269400,0.00263500,0.00268800,7209285.20000000,1771275599999999,19207.99632720,906,4417891.10000000,11769.90351420,0
1771275600000000,0.00268800,0.00271900,0.00268100,0.00271900,6981067.20000000,1771279199999999,18808.36828540,1010,3610071.50000000,9733.59317020,0
1771279200000000,0.00271600,0.00272000,0.00267400,0.00267400,8168805.80000000,1771282799999999,22005.90702340,1220,3970909.90000000,10702.24798400,0
1771282800000000,0.00267900,0.00270700,0.00267400,0.00270300,5217445.20000000,1771286399999999,14030.63481870,959,2610258.80000000,7024.65620300,0
1771286400000000,0.00270000,0.00272300,0.00268700,0.00269500,4820800.70000000,1771289999999999,13020.34829790,959,2179774.90000000,5890.64891680,0
1771290000000000,0.00269800,0.00271200,0.00268100,0.00268800,4249122.90000000,1771293599999999,11456.49617240,798,1946803.90000000,5252.06322650,0
1771293600000000,0.00268700,0.00271200,0.00267500,0.00269400,4123917.70000000,1771297199999999,11121.07910130,723,2523478.10000000,6809.05792900,0
1771297200000000,0.00269300,0.00269600,0.00267600,0.00267800,5288362.80000000,1771300799999999,14184.99073440,785,2488723.90000000,6672.34214880,0
1771300800000000,0.00267700,0.00269100,0.00266600,0.00268800,4321508.50000000,1771304399999999,11578.07757160,705,1628695.60000000,4368.47741230,0
1771304400000000,0.00268800,0.00269400,0.00266500,0.00267600,5849646.40000000,1771307999999999,15682.28152220,780,2586386.30000000,6927.43323710,0
1771308000000000,0.00267500,0.00270000,0.00267500,0.00269400,3075492.50000000,1771311599999999,8260.18312510,662,1568876.60000000,4213.89396220,0
1771311600000000,0.00269400,0.00269800,0.00268400,0.00269300,3372916.50000000,1771315199999999,9072.99424200,638,1501504.90000000,4040.50722070,0
1771315200000000,0.00269300,0.00269700,0.00267100,0.00267400,3975384.00000000,1771318799999999,10670.02113830,691,1680995.60000000,4512.83004900,0
1771318800000000,0.00267700,0.00269400,0.00267300,0.00268500,2978943.60000000,1771322399999999,7986.22178530,580,1252160.70000000,3357.33000080,0
1771322400000000,0.00269200,0.00269200,0.00266200,0.00266800,4483277.80000000,1771325999999999,11971.56311230,691,2042311.60000000,5453.91385240,0
1771326000000000,0.00267200,0.00269900,0.00266900,0.00269300,5789421.00000000,1771329599999999,15537.33545410,905,3077614.40000000,8258.38724400,0
1771329600000000,0.00269000,0.00269500,0.00267100,0.00267700,5357568.80000000,1771333199999999,14362.87504190,825,2803737.90000000,7516.05992300,0
1771333200000000,0.00268000,0.00269200,0.00266800,0.00268100,4555212.50000000,1771336799999999,12213.41653210,809,2596666.40000000,6964.17465990,0
1771336800000000,0.00268000,0.00269700,0.00263900,0.00263900,5982953.10000000,1771340399999999,16004.08384680,1126,2845927.60000000,7610.18979570,0
1771340400000000,0.00264200,0.00268500,0.00263800,0.00268400,6178659.20000000,1771343999999999,16417.08850750,980,3547675.60000000,9425.33223510,0
1771344000000000,0.00268400,0.00271400,0.00267400,0.00267700,8441854.90000000,1771347599999999,22764.43280340,1185,4359102.90000000,11755.14515670,0
1771347600000000,0.00267500,0.00268500,0.00265100,0.00267000,4645292.90000000,1771351199999999,12411.81191430,861,2418640.20000000,6463.98414770,0
1771351200000000,0.00266500,0.00270600,0.00266000,0.00269900,4731749.20000000,1771354799999999,12712.23689880,843,2489080.10000000,6687.60946230,0
1771354800000000,0.00270400,0.00271400,0.00268100,0.00269300,6182369.40000000,1771358399999999,16675.22999890,915,2376316.50000000,6406.58057410,0
1771358400000000,0.00268900,0.00270000,0.00266800,0.00269300,5542259.10000000,1771361999999999,14874.80688610,842,2887792.10000000,7753.84620630,0
1771362000000000,0.00268800,0.00271800,0.00268700,0.00270000,4911726.70000000,1771365599999999,13249.15690200,864,2450621.20000000,6611.46323310,0
1771365600000000,0.00270400,0.00271600,0.00269500,0.00269700,3667192.40000000,1771369199999999,9928.85770280,908,1943228.50000000,5263.97346460,0
1771369200000000,0.00269800,0.00270900,0.00268400,0.00270400,4737873.80000000,1771372799999999,12772.40009740,769,2526322.60000000,6812.07600220,0
1771372800000000,0.00270300,0.00274100,0.00269300,0.00270500,6160152.90000000,1771376399999999,16700.38839860,1016,3557701.70000000,9646.85706280,0
1771376400000000,0.00270300,0.00271400,0.00269500,0.00270700,5087105.90000000,1771379999999999,13747.07246980,847,2673896.30000000,7227.57981910,0
1771380000000000,0.00271000,0.00273400,0.00270300,0.00272400,7798655.20000000,1771383599999999,21189.00988100,1129,4127121.00000000,11214.76710290,0
1771383600000000,0.00272400,0.00276400,0.00271000,0.00274900,7598614.00000000,1771387199999999,20806.21947670,1150,4106455.10000000,11239.72803540,0
1771387200000000,0.00275000,0.00275800,0.00273100,0.00273600,5808775.70000000,1771390799999999,15942.86463630,888,2895617.40000000,7949.19542600,0
1771390800000000,0.00273800,0.00275400,0.00273100,0.00273900,4517076.10000000,1771394399999999,12375.17289390,729,2191973.20000000,6005.71713730,0
1771394400000000,0.00273900,0.00274000,0.00272200,0.00273300,4423941.70000000,1771397999999999,12086.14243760,774,2290177.20000000,6257.32295740,0
1771398000000000,0.00273400,0.00275100,0.00273100,0.00274400,3083350.40000000,1771401599999999,8443.35524660,672,1533361.00000000,4199.33962100,0
1771401600000000,0.00274400,0.00275700,0.00273000,0.00273400,4709887.10000000,1771405199999999,12915.96977670,812,2134709.50000000,5852.10315740,0
1771405200000000,0.00273400,0.00274600,0.00273200,0.00273900,2872599.50000000,1771408799999999,7867.77632160,558,1514489.70000000,4148.80723180,0
1771408800000000,0.00273900,0.00274100,0.00272300,0.00272800,4152531.50000000,1771412399999999,11345.11544610,763,1681303.30000000,4594.69505560,0
1771412400000000,0.00272800,0.00273100,0.00270200,0.00272400,4253518.60000000,1771415999999999,11572.03382440,855,2381291.70000000,6477.39406900,0
1771416000000000,0.00272400,0.00273300,0.00270600,0.00271000,5438441.90000000,1771419599999999,14792.63716230,939,2712639.40000000,7380.68414010,0
1771419600000000,0.00271000,0.00272500,0.00268700,0.00269600,6206901.10000000,1771423199999999,16777.02261860,1072,3424526.60000000,9253.21415630,0
1771423200000000,0.00269600,0.00270300,0.00267200,0.00270300,7222119.10000000,1771426799999999,19448.34836920,1161,3194301.60000000,8605.33468910,0
1771426800000000,0.00270100,0.00273600,0.00269600,0.00271400,7213689.10000000,1771430399999999,19554.53761650,1152,3683484.70000000,9985.77138690,0
1771430400000000,0.00271100,0.00271400,0.00268500,0.00268700,5683341.70000000,1771433999999999,15325.56364440,893,2521546.30000000,6798.69732400,0
1771434000000000,0.00268900,0.00271700,0.00268500,0.00268700,5442358.70000000,1771437599999999,14687.63445730,954,2568817.90000000,6932.91137980,0
1771437600000000,0.00269000,0.00269400,0.00265500,0.00265700,5377337.90000000,1771441199999999,14382.74592500,981,2531830.80000000,6772.28754370,0
1771441200000000,0.00265800,0.00266900,0.00261800,0.00263100,7965836.10000000,1771444799999999,21012.15465650,1050,4340367.30000000,11442.34296900,0
1771444800000000,0.00262900,0.00264400,0.00262200,0.00262500,4632557.90000000,1771448399999999,12196.65589410,801,2369337.40000000,6239.20440400,0
1771448400000000,0.00262200,0.00263700,0.00261600,0.00262000,5024120.00000000,1771451999999999,13198.20112120,910,2465188.90000000,6478.23173910,0
1771452000000000,0.00261800,0.00263300,0.00261300,0.00262700,3761435.90000000,1771455599999999,9865.26328610,787,1868156.90000000,4902.20748140,0
1771455600000000,0.00262400,0.00265000,0.00262200,0.00264500,4924814.90000000,1771459199999999,12984.29026980,757,2824639.70000000,7451.35475400,0
1771459200000000,0.00264300,0.00266900,0.00263400,0.00263700,5008842.70000000,1771462799999999,13262.36858620,665,1929815.40000000,5105.97145390,0
1771462800000000,0.00263800,0.00265700,0.00263200,0.00265200,5762126.00000000,1771466399999999,15241.87577350,1077,2944468.40000000,7791.69894500,0
1771466400000000,0.00265200,0.00266000,0.00264200,0.00265000,3491509.40000000,1771469999999999,9257.97342840,744,1853523.60000000,4916.12795340,0
1771470000000000,0.00265000,0.00265900,0.00264100,0.00265600,3240697.50000000,1771473599999999,8591.22125930,672,1636919.90000000,4340.70870470,0
1771473600000000,0.00265500,0.00266500,0.00264600,0.00265000,2972764.90000000,1771477199999999,7891.56992490,650,1559816.00000000,4141.27235050,0
1771477200000000,0.00265000,0.00265700,0.00263500,0.00264800,3599466.90000000,1771480799999999,9523.25470210,740,1770165.30000000,4683.99378520,0
1771480800000000,0.00264800,0.00265200,0.00263800,0.00264700,4558833.10000000,1771484399999999,12046.53012660,602,3009258.60000000,7950.49739310,0
1771484400000000,0.00264700,0.00264800,0.00262000,0.00262700,3816459.90000000,1771487999999999,10033.74876730,685,1458672.80000000,3836.21227780,0
1771488000000000,0.00262500,0.00262600,0.00258200,0.00259700,5864774.40000000,1771491599999999,15245.41390520,850,2688900.60000000,6983.31250540,0
1771491600000000,0.00259900,0.00260800,0.00258700,0.00258800,6025352.10000000,1771495199999999,15662.32178640,943,2966632.20000000,7714.18906860,0
1771495200000000,0.00258600,0.00260000,0.00257800,0.00257800,4455264.60000000,1771498799999999,11521.80410110,851,2049644.00000000,5302.97207020,0
1771498800000000,0.00257800,0.00259000,0.00257200,0.00257700,3727930.10000000,1771502399999999,9623.08450460,704,2037197.00000000,5259.39161400,0
1771502400000000,0.00257800,0.00258400,0.00256300,0.00256300,3776095.80000000,1771505999999999,9734.71312830,706,1672998.10000000,4314.93937520,0
1771506000000000,0.00256300,0.00257400,0.00252500,0.00254400,7736201.00000000,1771509599999999,19739.25111250,1213,2944013.90000000,7508.26951060,0
1771509600000000,0.00254200,0.00257200,0.00253900,0.00256300,6322288.30000000,1771513199999999,16144.25836710,1235,3614331.70000000,9233.31332180,0
1771513200000000,0.00256200,0.00257600,0.00254300,0.00255800,4347515.00000000,1771516799999999,11122.77358640,961,1985705.70000000,5080.42404880,0
1771516800000000,0.00255900,0.00256900,0.00253500,0.00255900,6162085.20000000,1771520399999999,15763.27197790,1182,3413086.30000000,8735.45614350,0
1771520400000000,0.00255800,0.00259200,0.00254300,0.00255600,9910932.70000000,1771523999999999,25413.85654060,1646,4632953.00000000,11866.87753430,0
1771524000000000,0.00255600,0.00260700,0.00255600,0.00259600,5775779.20000000,1771527599999999,14948.28450050,977,2899687.80000000,7506.80522490,0
1771527600000000,0.00259600,0.00263100,0.00258500,0.00262300,8390201.80000000,1771531199999999,21870.99702450,1270,4740338.30000000,12362.80998740,0
1771531200000000,0.00262200,0.00262800,0.00259800,0.00260500,4027797.20000000,1771534799999999,10527.18321070,829,1959052.80000000,5122.73354470,0
1771534800000000,0.00260500,0.00263900,0.00260500,0.00262300,7951392.60000000,1771538399999999,20865.83876800,1227,3394519.90000000,8911.00301110,0
1771538400000000,0.00262000,0.00263700,0.00260600,0.00262400,4376627.80000000,1771541999999999,11477.42444400,801,2545597.50000000,6681.15706560,0
1771542000000000,0.00261900,0.00263300,0.00261600,0.00262900,4053052.00000000,1771545599999999,10639.94662990,927,2156585.50000000,5662.88931340,0
1771545600000000,0.00262600,0.00265200,0.00262200,0.00264200,6589077.90000000,1771549199999999,17385.10032180,881,3739278.40000000,9854.58913290,0
1771549200000000,0.00264400,0.00265400,0.00263800,0.00264300,4044645.50000000,1771552799999999,10700.64404650,772,2135150.20000000,5650.96811100,0
1771552800000000,0.00264400,0.00265700,0.00263100,0.00263600,5123974.50000000,1771556399999999,13551.27857240,884,1900900.30000000,5031.50403860,0
1771556400000000,0.00263200,0.00265100,0.00262800,0.00264300,3814590.20000000,1771559999999999,10076.50403310,649,2150474.50000000,5681.31377970,0
1771560000000000,0.00264300,0.00264400,0.00261700,0.00263700,6627185.70000000,1771563599999999,17431.93107210,1018,2818143.30000000,7416.77542480,0
1771563600000000,0.00263200,0.00264800,0.00262800,0.00264300,4450407.80000000,1771567199999999,11741.61744710,882,2379904.70000000,6279.50332780,0
1771567200000000,0.00264300,0.00264400,0.00262800,0.00262900,3724366.20000000,1771570799999999,9814.23883300,735,1463558.70000000,3857.20200580,0
1771570800000000,0.00263400,0.00263800,0.00262000,0.00262200,3406191.50000000,1771574399999999,8963.42281170,567,1653399.20000000,4352.42700370,0
1771574400000000,0.00261700,0.00264000,0.00261700,0.00263200,3160093.10000000,1771577999999999,8303.34770970,654,1491008.70000000,3918.46713600,0
1771578000000000,0.00263200,0.00263800,0.00262300,0.00263300,4912843.90000000,1771581599999999,12923.04891400,773,2263682.90000000,5956.28300140,0
1771581600000000,0.00263300,0.00263600,0.00261200,0.00261500,3228860.80000000,1771585199999999,8483.16934930,663,1687047.10000000,4434.00252730,0
1771585200000000,0.00261500,0.00261500,0.00259400,0.00259900,4886097.00000000,1771588799999999,12733.47429190,715,2991458.10000000,7796.91500910,0
1771588800000000,0.00259800,0.00260400,0.00257900,0.00259500,5095280.00000000,1771592399999999,13203.15674310,776,2226609.90000000,5778.51933960,0
1771592400000000,0.00259400,0.00259800,0.00254200,0.00258400,6266104.40000000,1771595999999999,16112.99151170,1167,2946410.40000000,7579.56347230,0
1771596000000000,0.00258000,0.00260600,0.00257700,0.00259900,4702644.40000000,1771599599999999,12184.03986440,983,2556126.40000000,6625.00201260,0
1771599600000000,0.00259900,0.00264500,0.00259700,0.00264200,11137451.90000000,1771603199999999,29231.02711850,1809,7172504.80000000,18840.52173210,0
1771603200000000,0.00264200,0.00266300,0.00262900,0.00265600,10829548.20000000,1771606799999999,28668.53463090,1573,6006685.40000000,15884.76743380,0
1771606800000000,0.00265700,0.00266100,0.00261300,0.00265900,7266664.70000000,1771610399999999,19163.83815330,1320,3142688.10000000,8288.81758430,0
1771610400000000,0.00265800,0.00266400,0.00263400,0.00265200,7771623.80000000,1771613999999999,20605.67258700,1316,3636418.90000000,9645.21336990,0
1771614000000000,0.00265300,0.00266300,0.00263300,0.00265000,4747084.10000000,1771617599999999,12561.29121350,807,2374304.90000000,6283.78057050,0
1771617600000000,0.00264800,0.00266300,0.00263800,0.00265400,5376243.00000000,1771621199999999,14253.90435460,970,2783410.90000000,7381.96205340,0
1771621200000000,0.00265400,0.00266500,0.00264600,0.00265900,4644401.30000000,1771624799999999,12331.77520790,849,1957204.70000000,5199.65350520,0
1771624800000000,0.00265900,0.00266500,0.00265100,0.00265700,3721981.40000000,1771628399999999,9890.01164380,740,1716890.00000000,4562.88302730,0
1771628400000000,0.00265500,0.00268000,0.00265500,0.00267000,3022423.50000000,1771631999999999,8067.94716920,517,1431785.60000000,3823.97334390,0
1771632000000000,0.00266700,0.00268100,0.00265800,0.00266300,4221093.50000000,1771635599999999,11257.97895460,825,1866420.40000000,4979.05409840,0
1771635600000000,0.00266500,0.00268200,0.00266300,0.00267600,3587815.60000000,1771639199999999,9584.82869000,685,1837615.50000000,4910.08709460,0
1771639200000000,0.00267600,0.00268800,0.00266800,0.00268600,3939241.10000000,1771642799999999,10562.31498950,714,2052059.80000000,5502.50438120,0
1771642800000000,0.00268700,0.00268900,0.00267400,0.00267800,4835062.90000000,1771646399999999,12961.70413750,863,2291807.10000000,6144.20519970,0
1771646400000000,0.00268000,0.00268700,0.00267200,0.00268200,4389235.60000000,1771649999999999,11760.14911020,757,2244675.90000000,6014.86102710,0
1771650000000000,0.00268400,0.00270800,0.00268200,0.00269500,4107117.40000000,1771653599999999,11070.78218460,787,2009070.20000000,5415.37411270,0
1771653600000000,0.00269300,0.00270900,0.00268500,0.00269300,5432143.50000000,1771657199999999,14651.37303640,852,2588959.80000000,6987.93452610,0
1771657200000000,0.00269500,0.00270800,0.00268200,0.00270100,5664425.10000000,1771660799999999,15261.21231140,899,2699166.60000000,7271.80352460,0
1771660800000000,0.00270100,0.00271700,0.00269600,0.00271200,4565202.10000000,1771664399999999,12352.74844050,724,2462900.80000000,6665.95109810,0
1771664400000000,0.00271100,0.00272200,0.00270100,0.00270400,5837420.50000000,1771667999999999,15830.98469290,951,2547923.40000000,6912.43620350,0
1771668000000000,0.00270200,0.00270700,0.00269000,0.00269200,3644388.30000000,1771671599999999,9844.62633500,729,1594218.50000000,4308.32542610,0
1771671600000000,0.00269100,0.00270000,0.00267900,0.00268300,4467342.70000000,1771675199999999,12020.12028690,793,2099097.30000000,5648.65129910,0
1771675200000000,0.00268300,0.00269000,0.00267600,0.00268300,4585261.30000000,1771678799999999,12300.33309690,801,1852062.10000000,4970.44379910,0
1771678800000000,0.00268300,0.00268600,0.00267200,0.00268200,4761992.30000000,1771682399999999,12761.14562460,824,2276171.90000000,6099.43265910,0
1771682400000000,0.00268000,0.00270100,0.00266000,0.00266400,8418984.60000000,1771685999999999,22565.64943600,1106,3634757.30000000,9742.77198170,0
1771686000000000,0.00266200,0.00267200,0.00265400,0.00266400,4982045.50000000,1771689599999999,13268.27284470,822,2307216.90000000,6145.75307640,0
1771689600000000,0.00266200,0.00266500,0.00264100,0.00265000,5483196.90000000,1771693199999999,14541.91647730,928,2750081.00000000,7294.54877870,0
1771693200000000,0.00265200,0.00265600,0.00264400,0.00265100,4267060.70000000,1771696799999999,11304.66630700,798,2223293.80000000,5892.00830220,0
1771696800000000,0.00265100,0.00266800,0.00265100,0.00266400,4877425.10000000,1771700399999999,12977.30481690,840,3053865.10000000,8125.91215470,0
1771700400000000,0.00266300,0.00266400,0.00264600,0.00265800,4322765.00000000,1771703999999999,11489.92464430,757,2168852.50000000,5765.42973700,0
1771704000000000,0.00265800,0.00266000,0.00264000,0.00264600,4113799.90000000,1771707599999999,10890.43056820,766,2149422.60000000,5690.72193280,0
1771707600000000,0.00264500,0.00265700,0.00264200,0.00264800,3085741.80000000,1771711199999999,8171.98038810,566,1752881.90000000,4643.69382550,0
1771711200000000,0.00264900,0.00265400,0.00263800,0.00265400,3401037.70000000,1771714799999999,9000.42667870,618,1690077.10000000,4474.44244000,0
1771714800000000,0.00265200,0.00265400,0.00262600,0.00263500,4821299.10000000,1771718399999999,12709.56491610,674,2579968.30000000,6800.82056970,0
1771718400000000,0.00263500,0.00263500,0.00259500,0.00260400,5397396.10000000,1771721999999999,14096.51070830,880,2715084.00000000,7091.25953060,0
1771722000000000,0.00260200,0.00261100,0.00259800,0.00260200,4238842.50000000,1771725599999999,11034.42699540,685,2609729.00000000,6795.10427010,0
1771725600000000,0.00260300,0.00260700,0.00255900,0.00256300,5931852.70000000,1771729199999999,15324.56519300,933,2933652.90000000,7587.75038030,0
1771729200000000,0.00256200,0.00257100,0.00254000,0.00254600,6670589.90000000,1771732799999999,17058.48627980,865,3718131.90000000,9512.88289750,0
1771732800000000,0.00254600,0.00255000,0.00253200,0.00254000,4228456.30000000,1771736399999999,10745.06650960,687,2101724.50000000,5341.65083680,0
1771736400000000,0.00254000,0.00254400,0.00252500,0.00252700,7558029.30000000,1771739999999999,19154.62538740,1024,2738034.90000000,6941.35299740,0
1771740000000000,0.00252800,0.00254800,0.00252600,0.00254400,4439355.50000000,1771743599999999,11275.55796890,847,2157550.80000000,5479.51592580,0
1771743600000000,0.00254300,0.00254900,0.00254100,0.00254100,2897076.80000000,1771747199999999,7373.42533260,608,1349227.10000000,3434.49433650,0
1771747200000000,0.00254300,0.00255100,0.00252600,0.00253600,7168453.10000000,1771750799999999,18182.96409360,1028,3381070.20000000,8578.51622640,0
1771750800000000,0.00253700,0.00254300,0.00253100,0.00253200,4051564.90000000,1771754399999999,10274.31684930,864,2544918.50000000,6453.71041920,0
1771754400000000,0.00253300,0.00254500,0.00253100,0.00253700,5670355.70000000,1771757999999999,14391.44775550,914,2773849.10000000,7039.92760080,0
1771758000000000,0.00253500,0.00254100,0.00252700,0.00252900,3677624.60000000,1771761599999999,9320.06556740,697,1749966.10000000,4435.83258630,0
1771761600000000,0.00253100,0.00253100,0.00247800,0.00249000,11210659.80000000,1771765199999999,27962.08183430,1270,5896386.40000000,14705.84420770,0
1771765200000000,0.00248900,0.00249400,0.00247200,0.00248200,6812527.20000000,1771768799999999,16916.88967640,1006,2754118.40000000,6841.89882570,0
1771768800000000,0.00248100,0.00248600,0.00246300,0.00247200,5666879.70000000,1771772399999999,14030.17369830,897,2903861.70000000,7191.15972990,0
1771772400000000,0.00247200,0.00248100,0.00246400,0.00247700,3227473.40000000,1771775999999999,7981.62888250,597,1682316.50000000,4161.35959830,0
1771776000000000,0.00247700,0.00247700,0.00246800,0.00247200,2595331.80000000,1771779599999999,6412.91644150,568,1440460.10000000,3559.81167770,0
1771779600000000,0.00247200,0.00247300,0.00245700,0.00247100,4318289.80000000,1771783199999999,10648.52051970,862,2627641.40000000,6480.47662840,0
1771783200000000,0.00247000,0.00247400,0.00246800,0.00247200,3177170.00000000,1771786799999999,7852.43598480,807,1811810.70000000,4478.77468850,0
1771786800000000,0.00247200,0.00247700,0.00246600,0.00247200,2709984.50000000,1771790399999999,6695.98822290,619,1360599.30000000,3362.82037000,0
1771790400000000,0.00247200,0.00247400,0.00244500,0.00244600,4560486.50000000,1771793999999999,11217.81025180,757,1738516.20000000,4278.00250150,0
1771794000000000,0.00244800,0.00246400,0.00243800,0.00245600,5247434.80000000,1771797599999999,12866.03883320,739,2836466.00000000,6955.56740880,0
1771797600000000,0.00245600,0.00246000,0.00244400,0.00245500,4515079.40000000,1771801199999999,11068.04924420,823,2166520.10000000,5312.82535950,0
1771801200000000,0.00245500,0.00246400,0.00244700,0.00246200,5219728.60000000,1771804799999999,12824.03521850,690,2435289.50000000,5985.35767200,0
1771804800000000,0.00246200,0.00246400,0.00244100,0.00244700,5835057.10000000,1771808399999999,14322.34480740,691,2242313.30000000,5506.17449040,0
1771808400000000,0.00244500,0.00244600,0.00231500,0.00232000,41162281.90000000,1771811999999999,97304.30007030,3653,20348376.00000000,48172.49273990,0
1771812000000000,0.00232100,0.00236000,0.00231100,0.00235600,6044553.80000000,1771815599999999,14138.88945770,945,3421527.30000000,8006.00830080,0
1771815600000000,0.00235600,0.00237100,0.00235000,0.00235200,5397684.90000000,1771819199999999,12739.04493620,661,2711133.80000000,6400.11200830,0
1771819200000000,0.00235200,0.00236100,0.00235200,0.00236100,3749194.30000000,1771822799999999,8837.15984980,474,1006888.60000000,2373.26187950,0
1771822800000000,0.00236100,0.00240800,0.00236000,0.00240500,4568118.60000000,1771826399999999,10911.21463910,716,2577664.90000000,6153.70733730,0
1771826400000000,0.00240500,0.00243800,0.00240200,0.00242900,5226168.20000000,1771829999999999,12676.13999800,809,2615477.20000000,6340.39858450,0
1771830000000000,0.00242700,0.00244300,0.00242600,0.00242900,4095447.90000000,1771833599999999,9957.15570710,759,1855616.00000000,4511.80689380,0
1771833600000000,0.00242800,0.00243600,0.00241700,0.00241900,3010121.80000000,1771837199999999,7309.77994310,569,1452608.80000000,3528.43791000,0
1771837200000000,0.00242100,0.00245100,0.00242100,0.00244800,5245600.20000000,1771840799999999,12777.63638400,733,3256239.10000000,7937.01740380,0
1771840800000000,0.00244600,0.00245300,0.00244100,0.00244100,3264620.70000000,1771844399999999,7988.05782760,583,1268240.50000000,3103.88031630,0
1771844400000000,0.00244300,0.00244700,0.00243900,0.00244200,4685596.80000000,1771847999999999,11441.82531510,669,1464999.40000000,3579.31913380,0
1771848000000000,0.00244400,0.00245300,0.00243100,0.00243700,3681554.50000000,1771851599999999,8987.10602290,673,1580884.00000000,3861.32409110,0
1771851600000000,0.00243600,0.00243700,0.00241500,0.00241600,7874086.30000000,1771855199999999,19133.29527220,742,2606742.50000000,6336.44829400,0
1771855200000000,0.00241200,0.00241300,0.00237700,0.00238300,8544389.00000000,1771858799999999,20456.02117790,1146,4294892.90000000,10278.40339030,0
1771858800000000,0.00238400,0.00238800,0.00235600,0.00236200,5700330.00000000,1771862399999999,13535.25591240,907,2894778.20000000,6876.70574010,0
1771862400000000,0.00236100,0.00236500,0.00233800,0.00234900,6409368.90000000,1771865999999999,15092.06567960,1057,3665088.00000000,8629.45985230,0
1771866000000000,0.00234900,0.00235200,0.00230600,0.00234300,5714497.20000000,1771869599999999,13322.60576370,865,3389127.20000000,7904.42264280,0
1771869600000000,0.00234500,0.00237500,0.00234000,0.00235900,5254280.10000000,1771873199999999,12394.55671240,818,2734188.10000000,6450.85589100,0
1771873200000000,0.00235800,0.00236400,0.00234600,0.00235300,3928546.70000000,1771876799999999,9252.28727800,737,2029438.50000000,4780.03204400,0
1771876800000000,0.00235400,0.00237200,0.00234800,0.00237100,5728328.20000000,1771880399999999,13521.47854700,729,4295127.80000000,10142.70790320,0
1771880400000000,0.00237000,0.00238300,0.00236100,0.00237700,3419114.40000000,1771883999999999,8113.63635120,698,1654389.60000000,3927.11500190,0
1771884000000000,0.00237900,0.00239400,0.00237300,0.00238100,4627410.70000000,1771887599999999,11025.27051660,816,2308857.00000000,5503.75396720,0
1771887600000000,0.00238000,0.00238700,0.00237000,0.00237600,3606421.60000000,1771891199999999,8574.50139420,693,1916386.40000000,4559.35217980,0
1771891200000000,0.00238100,0.00240300,0.00237600,0.00240000,3888142.50000000,1771894799999999,9295.69218840,654,2284690.70000000,5463.62017780,0
1771894800000000,0.00240100,0.00240100,0.00234500,0.00238300,9586045.40000000,1771898399999999,22792.69296060,994,4526792.00000000,10748.13617820,0
1771898400000000,0.00238300,0.00239200,0.00237000,0.00238100,7214774.50000000,1771901999999999,17166.10949900,949,3566250.10000000,8485.93327570,0
1771902000000000,0.00237900,0.00238300,0.00235600,0.00237000,5606252.50000000,1771905599999999,13292.44368010,794,2802883.20000000,6646.81440300,0
1771905600000000,0.00237200,0.00237200,0.00234700,0.00236400,5220345.30000000,1771909199999999,12332.25271490,784,2707971.20000000,6395.53604990,0
1771909200000000,0.00236400,0.00237500,0.00233700,0.00234700,6155276.50000000,1771912799999999,14495.19742470,805,3497090.10000000,8241.94490030,0
1771912800000000,0.00234800,0.00235300,0.00233600,0.00234000,4091771.70000000,1771916399999999,9595.87089280,723,1932103.30000000,4532.28186480,0
1771916400000000,0.00233900,0.00235100,0.00233200,0.00233700,4051029.50000000,1771919999999999,9489.99857500,687,2082044.30000000,4878.39148610,0
1771920000000000,0.00233800,0.00234800,0.00232700,0.00233900,4639626.90000000,1771923599999999,10847.23323410,693,2506263.40000000,5859.94000370,0
1771923600000000,0.00234000,0.00234100,0.00231600,0.00233600,5482485.90000000,1771927199999999,12778.57312960,819,2677713.10000000,6243.45169290,0
1771927200000000,0.00233600,0.00234400,0.00233000,0.00234200,4640960.70000000,1771930799999999,10851.19956960,817,2108328.70000000,4930.46843830,0
1771930800000000,0.00234000,0.00234200,0.00233300,0.00233900,3121051.70000000,1771934399999999,7298.75277330,612,1439686.50000000,3367.74040750,0
1771934400000000,0.00233800,0.00234400,0.00232600,0.00232600,3444177.30000000,1771937999999999,8040.92100970,635,1827116.30000000,4266.02437170,0
1771938000000000,0.00232700,0.00234000,0.00231200,0.00233900,6887453.80000000,1771941599999999,16030.86963330,843,3366649.30000000,7840.12711130,0
1771941600000000,0.00233700,0.00236700,0.00231600,0.00235300,7348048.00000000,1771945199999999,17169.92788550,947,3949354.00000000,9232.40644820,0
1771945200000000,0.00235500,0.00237900,0.00235200,0.00236700,7161344.30000000,1771948799999999,16939.36274450,952,3694386.50000000,8738.97503550,0
1771948800000000,0.00236700,0.00238600,0.00235700,0.00238200,7831825.90000000,1771952399999999,18592.30690870,978,3693160.80000000,8771.15251800,0
1771952400000000,0.00238100,0.00239000,0.00236900,0.00237400,4303459.00000000,1771955999999999,10242.71980070,705,2113675.20000000,5032.13742240,0
1771956000000000,0.00237500,0.00238300,0.00236500,0.00237700,4205682.10000000,1771959599999999,9992.92181390,756,1833862.20000000,4358.53456910,0
1771959600000000,0.00237600,0.00238300,0.00236500,0.00238100,4562976.10000000,1771963199999999,10836.22414020,752,2032412.10000000,4828.52744350,0
1771963200000000,0.00238000,0.00238800,0.00237100,0.00237900,5711063.10000000,1771966799999999,13605.98063340,752,2753935.90000000,6559.60494250,0
1771966800000000,0.00238000,0.00238000,0.00236600,0.00237400,4608150.50000000,1771970399999999,10934.58049710,704,1967884.60000000,4670.36870290,0
1771970400000000,0.00237300,0.00239100,0.00237100,0.00237400,5322632.70000000,1771973999999999,12664.33101520,606,2789859.90000000,6637.60326130,0
1771974000000000,0.00237400,0.00237400,0.00235700,0.00236400,5970188.70000000,1771977599999999,14126.12584660,803,2779042.00000000,6575.44851890,0
1771977600000000,0.00236600,0.00240400,0.00235600,0.00239300,8542648.50000000,1771981199999999,20307.94810800,1047,3993971.10000000,9487.03165290,0
1771981200000000,0.00239200,0.00246700,0.00239200,0.00244000,19194319.70000000,1771984799999999,46844.65744100,1650,11304819.10000000,27602.08047020,0
1771984800000000,0.00243900,0.00245000,0.00242100,0.00242300,7286738.90000000,1771988399999999,17744.71190020,1090,2931541.90000000,7142.10308630,0
1771988400000000,0.00242100,0.00242600,0.00240000,0.00241000,8682301.60000000,1771991999999999,20957.24996300,817,3839494.10000000,9277.64384920,0
1771992000000000,0.00240700,0.00241500,0.00239600,0.00241100,4803661.60000000,1771995599999999,11561.20614300,792,2447127.10000000,5890.85913790,0
1771995600000000,0.00241300,0.00241500,0.00239600,0.00240800,3883460.70000000,1771999199999999,9345.70579500,673,1879983.30000000,4524.92257010,0
1771999200000000,0.00240700,0.00242800,0.00240600,0.00242100,4570335.10000000,1772002799999999,11050.55586090,720,2830017.30000000,6842.88314790,0
1772002800000000,0.00242100,0.00243700,0.00242100,0.00243300,5621648.50000000,1772006399999999,13650.91253590,796,3362105.50000000,8164.61555500,0
1772006400000000,0.00243500,0.00244800,0.00241700,0.00244600,4124590.10000000,1772009999999999,10042.65264270,681,2066488.80000000,5031.94700760,0
1772010000000000,0.00244600,0.00245800,0.00244500,0.00245600,3710148.00000000,1772013599999999,9099.61616780,688,2013590.00000000,4939.75237770,0
1772013600000000,0.00245700,0.00246300,0.00244800,0.00245000,3671399.70000000,1772017199999999,9011.91169890,702,1883976.90000000,4626.39566350,0
1772017200000000,0.00245200,0.00246400,0.00244300,0.00246300,5047515.50000000,1772020799999999,12392.23696750,754,2764592.80000000,6786.95615320,0
1772020800000000,0.00246200,0.00247800,0.00245400,0.00247300,7677104.00000000,1772024399999999,18940.70621480,1083,3650132.60000000,9008.80143080,0
1772024400000000,0.00247300,0.00250600,0.00247100,0.00249400,6392727.80000000,1772027999999999,15898.11242180,901,3465971.60000000,8618.28362560,0
1772028000000000,0.00249600,0.00251500,0.00249300,0.00251200,7196262.20000000,1772031599999999,18014.00735190,892,3192379.10000000,7992.01133060,0
1772031600000000,0.00251400,0.00252900,0.00249200,0.00251700,10099192.70000000,1772035199999999,25353.07983880,1139,4671387.50000000,11731.10380760,0
1772035200000000,0.00251800,0.00254300,0.00251200,0.00253700,13795906.20000000,1772038799999999,34900.33369860,1077,9027311.80000000,22837.38957160,0
1772038800000000,0.00253900,0.00257000,0.00253500,0.00256800,8881543.00000000,1772042399999999,22671.58870490,1361,3920309.40000000,10004.24657610,0
1772042400000000,0.00256700,0.00259100,0.00256100,0.00259100,6150220.00000000,1772045999999999,15829.69858260,941,3312897.70000000,8530.49193190,0
1772046000000000,0.00259000,0.00260100,0.00257300,0.00259700,8496976.20000000,1772049599999999,21995.54243190,1163,3673688.70000000,9513.02348550,0
1772049600000000,0.00259900,0.00260000,0.00256600,0.00258300,7425294.30000000,1772053199999999,19193.85500380,1059,3116388.00000000,8056.41749920,0
1772053200000000,0.00258200,0.00263000,0.00257100,0.00259200,10260875.90000000,1772056799999999,26606.94191640,1201,5619971.20000000,14574.80799730,0
1772056800000000,0.00259400,0.00260700,0.00255100,0.00256100,5077381.10000000,1772060399999999,13125.97268440,870,1877169.60000000,4850.97410030,0
1772060400000000,0.00256100,0.00256400,0.00249100,0.00252000,6786609.70000000,1772063999999999,17136.04349180,924,3149831.70000000,7963.92943580,0
1772064000000000,0.00252000,0.00254100,0.00249400,0.00251300,6170809.80000000,1772067599999999,15546.39644590,829,2928616.60000000,7376.36178120,0
1772067600000000,0.00251100,0.00252700,0.00249700,0.00250800,5344758.30000000,1772071199999999,13427.50637970,796,2380853.70000000,5983.13532960,0
1772071200000000,0.00250700,0.00252300,0.00248900,0.00252200,6350257.50000000,1772074799999999,15915.91196320,824,2666809.80000000,6686.24214090,0
1772074800000000,0.00252200,0.00252900,0.00250700,0.00252000,4922692.50000000,1772078399999999,12391.53178900,754,2412739.60000000,6074.58698670,0
1772078400000000,0.00252000,0.00253500,0.00250700,0.00252800,9499675.80000000,1772081999999999,23962.93641030,991,5609959.10000000,14153.88523550,0
1772082000000000,0.00253000,0.00253000,0.00249400,0.00251600,4973169.10000000,1772085599999999,12493.56083050,732,2042549.70000000,5133.06374360,0
1772085600000000,0.00251800,0.00252700,0.00249400,0.00249600,13817719.90000000,1772089199999999,34647.39655750,960,5304806.80000000,13300.98789350,0
1772089200000000,0.00249500,0.00251500,0.00248900,0.00250300,15856056.90000000,1772092799999999,39666.72858740,1022,6462190.60000000,16148.35531020,0
1772092800000000,0.00250200,0.00250800,0.00247300,0.00249200,9641431.80000000,1772096399999999,24051.71215400,989,4090302.30000000,10203.25066580,0
1772096400000000,0.00248900,0.00253900,0.00248900,0.00252900,6115122.30000000,1772099999999999,15393.59957930,947,3840840.60000000,9672.20989370,0
1772100000000000,0.00253100,0.00254000,0.00250800,0.00251200,4526073.80000000,1772103599999999,11419.82209040,734,2224631.80000000,5612.21614180,0
1772103600000000,0.00251100,0.00252400,0.00250700,0.00252300,3792929.30000000,1772107199999999,9534.46684050,633,1669398.60000000,4197.01085800,0
1772107200000000,0.00252100,0.00253600,0.00251300,0.00252300,11668768.40000000,1772110799999999,29430.52626670,918,7622858.10000000,19225.29149710,0
1772110800000000,0.00252300,0.00253100,0.00252000,0.00252100,4188480.70000000,1772114399999999,10574.33692770,783,1648662.90000000,4163.65597260,0
1772114400000000,0.00252100,0.00252700,0.00249500,0.00250600,6903687.10000000,1772117999999999,17363.07266010,1092,2630268.20000000,6613.41280130,0
1772118000000000,0.00250700,0.00251100,0.00247600,0.00249200,9628594.00000000,1772121599999999,23986.19352340,1201,4191277.00000000,10439.62424990,0
1772121600000000,0.00249300,0.00249700,0.00242600,0.00242700,6897835.80000000,1772125199999999,16928.75412690,978,3475592.50000000,8520.47573360,0
1772125200000000,0.00242700,0.00245200,0.00242700,0.00244300,5886008.70000000,1772128799999999,14370.49524040,804,3010835.20000000,7350.40895870,0
1772128800000000,0.00244400,0.00246500,0.00243200,0.00246400,4598566.70000000,1772132399999999,11254.60691420,834,2343645.60000000,5738.73252540,0
1772132400000000,0.00246300,0.00250500,0.00246300,0.00249700,6995615.10000000,1772135999999999,17393.67208710,911,4062440.70000000,10099.33320010,0
1772136000000000,0.00249600,0.00250600,0.00247800,0.00248500,4623505.30000000,1772139599999999,11523.62582220,958,2601170.70000000,6483.07172330,0
1772139600000000,0.00248500,0.00249100,0.00247900,0.00248200,3198003.70000000,1772143199999999,7946.99619200,619,1472705.60000000,3660.54256870,0
1772143200000000,0.00248400,0.00249200,0.00247500,0.00249000,2463155.60000000,1772146799999999,6114.36288240,531,1171395.00000000,2908.05432850,0
1772146800000000,0.00249000,0.00249400,0.00248000,0.00248400,2652868.60000000,1772150399999999,6597.16346300,535,1172209.70000000,2915.81293590,0
1772150400000000,0.00248400,0.00248800,0.00247400,0.00248500,4610813.90000000,1772153999999999,11443.08555240,881,1895807.80000000,4706.06920480,0
1772154000000000,0.00248500,0.00248800,0.00246900,0.00248600,4832643.40000000,1772157599999999,11967.11936660,876,2155982.00000000,5342.05176390,0
1772157600000000,0.00248700,0.00249400,0.00248200,0.00248200,3463293.60000000,1772161199999999,8617.55678600,666,1734398.70000000,4316.09628480,0
1772161200000000,0.00248400,0.00249800,0.00247000,0.00249300,4745484.20000000,1772164799999999,11772.63580050,828,2151104.30000000,5339.80905600,0
1772164800000000,0.00249500,0.00252600,0.00249300,0.00252300,6567214.40000000,1772168399999999,16500.92589890,905,3241948.40000000,8144.38177100,0
1772168400000000,0.00252300,0.00253500,0.00251300,0.00251900,4575426.10000000,1772171999999999,11559.37050920,859,2102018.70000000,5311.61492210,0
1772172000000000,0.00251700,0.00253600,0.00251700,0.00252500,5060064.80000000,1772175599999999,12777.74716230,758,2886374.70000000,7290.68028390,0
1772175600000000,0.00252400,0.00253800,0.00250600,0.00253800,5361470.50000000,1772179199999999,13514.01099660,830,2603411.50000000,6563.70400860,0
1772179200000000,0.00253700,0.00256700,0.00253500,0.00256600,4711498.80000000,1772182799999999,12023.08408630,789,2425907.80000000,6192.02167940,0
1772182800000000,0.00256800,0.00259900,0.00256400,0.00257200,6874036.40000000,1772186399999999,17746.49365510,995,3176246.50000000,8199.92033960,0
1772186400000000,0.00257200,0.00257300,0.00252600,0.00253000,7379436.20000000,1772189999999999,18800.07696350,1119,3468239.50000000,8843.11576550,0
1772190000000000,0.00253000,0.00254900,0.00250600,0.00252200,8858430.50000000,1772193599999999,22386.55989150,1273,4183314.90000000,10576.18020780,0
1772193600000000,0.00252100,0.00252900,0.00250300,0.00250900,5200242.90000000,1772197199999999,13093.77656210,901,2482555.30000000,6252.07770300,0
1772197200000000,0.00250900,0.00252400,0.00248000,0.00250800,6346648.40000000,1772200799999999,15891.47003020,890,2781354.90000000,6968.28755730,0
1772200800000000,0.00250900,0.00251400,0.00248100,0.00248900,4480466.10000000,1772204399999999,11196.66164440,810,2367963.90000000,5919.74356720,0
1772204400000000,0.00248700,0.00250600,0.00247900,0.00249000,6582664.10000000,1772207999999999,16399.58564680,1171,3491408.20000000,8697.56640280,0
1772208000000000,0.00248800,0.00249400,0.00246500,0.00246700,6131389.60000000,1772211599999999,15213.17394400,1117,3097789.40000000,7690.50851340,0
1772211600000000,0.00246600,0.00248000,0.00245000,0.00247900,4118357.80000000,1772215199999999,10149.96588550,855,2201067.30000000,5426.02327450,0
1772215200000000,0.00247900,0.00248200,0.00246500,0.00246700,3810723.20000000,1772218799999999,9426.10487620,788,1750539.90000000,4331.54191690,0
1772218800000000,0.00246500,0.00246800,0.00245200,0.00245600,3767153.10000000,1772222399999999,9260.00699510,708,1721180.00000000,4230.75634690,0
1772222400000000,0.00245600,0.00246700,0.00245400,0.00245700,3689673.40000000,1772225999999999,9076.08890510,711,1788806.40000000,4400.66667810,0
1772226000000000,0.00245500,0.00246500,0.00243400,0.00243500,4610523.60000000,1772229599999999,11303.91700730,778,2089261.00000000,5124.45177830,0
1772229600000000,0.00243500,0.00244400,0.00240700,0.00243200,5477382.90000000,1772233199999999,13284.00686860,937,2936552.90000000,7121.59226200,0
1772233200000000,0.00243200,0.00246400,0.00243000,0.00245600,5776767.90000000,1772236799999999,14140.89108270,960,3288142.70000000,8049.63996630,0
1772236800000000,0.00245700,0.00246900,0.00244800,0.00246800,5116547.70000000,1772240399999999,12583.52742310,870,2577325.10000000,6342.68818620,0
1772240400000000,0.00246700,0.00247300,0.00245200,0.00245600,4225321.90000000,1772243999999999,10409.96496010,754,2218187.80000000,5465.00648240,0
1772244000000000,0.00245600,0.00247100,0.00245400,0.00246700,3297920.30000000,1772247599999999,8130.51599310,621,1744054.50000000,4300.53428360,0
1772247600000000,0.00246700,0.00247000,0.00244400,0.00244600,5049589.60000000,1772251199999999,12406.59325350,883,2194188.40000000,5393.79406630,0
1772251200000000,0.00244800,0.00245200,0.00242700,0.00242900,7865787.60000000,1772254799999999,19183.57100080,1056,2911323.80000000,7098.84906870,0
1772254800000000,0.00242900,0.00243600,0.00240600,0.00241000,6547488.00000000,1772258399999999,15869.98621490,883,2648631.60000000,6414.80706050,0
1772258400000000,0.00241200,0.00241300,0.00232500,0.00233300,30210482.80000000,1772261999999999,71396.66926960,4153,15677959.00000000,37065.23440890,0
1772262000000000,0.00233300,0.00238700,0.00231900,0.00235700,9015746.90000000,1772265599999999,21210.80098390,1261,4172442.70000000,9817.78308920,0
1772265600000000,0.00235700,0.00235800,0.00230500,0.00230900,7048847.50000000,1772269199999999,16435.13472030,1065,3356853.70000000,7834.87565260,0
1772269200000000,0.00231000,0.00232600,0.00228900,0.00229300,10161363.10000000,1772272799999999,23493.41368540,1239,4726085.00000000,10926.16077000,0
1772272800000000,0.00229200,0.00231000,0.00227500,0.00228900,6013326.10000000,1772276399999999,13780.53808030,977,2814897.20000000,6451.85939210,0
1772276400000000,0.00229100,0.00230200,0.00227000,0.00227500,5708232.70000000,1772279999999999,13050.24816680,947,3024615.00000000,6914.04578690,0
1772280000000000,0.00227500,0.00229100,0.00226800,0.00227900,4960511.10000000,1772283599999999,11308.92114690,734,2909958.90000000,6636.86670640,0
1772283600000000,0.00228000,0.00232800,0.00226500,0.00232800,9537776.40000000,1772287199999999,21853.19074520,1518,4804251.10000000,11013.72845760,0
1772287200000000,0.00233000,0.00234200,0.00229600,0.00229800,6193458.50000000,1772290799999999,14373.01950820,1164,3120455.80000000,7244.36381150,0
1772290800000000,0.00230000,0.00231300,0.00228400,0.00230700,4301402.60000000,1772294399999999,9899.03095660,884,2205144.80000000,5075.46494900,0
1772294400000000,0.00230400,0.00230500,0.00228300,0.00229400,5753774.10000000,1772297999999999,13203.44793800,903,2219616.10000000,5092.63519300,0
1772298000000000,0.00229400,0.00231200,0.00228100,0.00230700,4695748.20000000,1772301599999999,10774.00396590,763,2390881.70000000,5487.49665790,0
1772301600000000,0.00230700,0.00237900,0.00230200,0.00237000,4551043.10000000,1772305199999999,10608.09363620,782,2547855.70000000,5942.51945670,0
1772305200000000,0.00236900,0.00241200,0.00235100,0.00239200,7505608.40000000,1772308799999999,17815.93974600,1247,4185715.30000000,9918.16630560,0
1772308800000000,0.00239100,0.00242600,0.00238700,0.00242500,5160945.70000000,1772312399999999,12435.66445970,1111,2591421.50000000,6242.58506290,0
1772312400000000,0.00242700,0.00242800,0.00240100,0.00241500,4829689.60000000,1772315999999999,11640.64996610,1018,1938609.40000000,4672.43828060,0
1772316000000000,0.00241500,0.00245000,0.00241400,0.00243900,4811004.40000000,1772319599999999,11711.35679270,956,3057886.30000000,7450.93141650,0
1772319600000000,0.00244200,0.00248400,0.00243700,0.00248400,5609459.90000000,1772323199999999,13798.17789620,1140,2993418.00000000,7363.82786470,0
