1780012800000000,73547.55000000,73628.89000000,73536.96000000,73537.98000000,0.00189000,1780013099999999,139.01441150,6,0.00136000,100.02466800,0
1780013100000000,73559.53000000,73590.41000000,73528.47000000,73559.31000000,0.00806000,1780013399999999,593.05304240,10,0.00760000,559.21926060,0
1780013400000000,73636.92000000,73652.67000000,73613.93000000,73624.06000000,0.00062000,1780013699999999,45.65212490,6,0.00000000,0.00000000,0
1780013700000000,73578.67000000,73737.63000000,73578.67000000,73737.63000000,0.00057000,1780013999999999,41.99348110,6,0.00018000,13.27277340,0
1780014000000000,73690.62000000,73763.57000000,73638.63000000,73723.77000000,0.00193000,1780014299999999,142.29035690,22,0.00144000,106.17546020,0
1780014300000000,73761.22000000,73769.86000000,73652.44000000,73659.17000000,0.00197000,1780014599999999,145.23474510,22,0.00152000,112.07282020,0
1780014600000000,73687.95000000,73701.23000000,73637.32000000,73637.32000000,0.00197000,1780014899999999,145.13848570,22,0.00146000,107.57683860,0
1780014900000000,73670.79000000,73757.95000000,73670.79000000,73746.62000000,0.00194000,1780015199999999,142.98084100,21,0.00159000,117.19327150,0
1780015200000000,73757.39000000,73757.39000000,73711.37000000,73711.37000000,0.00149000,1780015499999999,109.85148710,15,0.00149000,109.85148710,0
1780015500000000,73761.91000000,73761.91000000,73688.17000000,73688.17000000,0.00149000,1780015799999999,109.81664910,15,0.00149000,109.81664910,0
1780015800000000,73678.20000000,73721.21000000,73651.69000000,73651.69000000,0.00659000,1780016099999999,485.76209360,18,0.00659000,485.76209360,0
1780016100000000,73624.31000000,73643.82000000,73603.57000000,73628.21000000,0.00148000,1780016399999999,108.96697370,15,0.00148000,108.96697370,0
1780016400000000,73668.65000000,73722.68000000,73665.29000000,73685.70000000,0.00167000,1780016699999999,123.05399480,16,0.00140000,103.16436650,0
1780016700000000,73707.85000000,73774.82000000,73707.85000000,73774.82000000,0.00335000,1780016999999999,247.04910610,20,0.00335000,247.04910610,0
1780017000000000,73772.93000000,73781.35000000,73688.62000000,73695.38000000,0.00702000,1780017299999999,517.84957500,24,0.00702000,517.84957500,0
1780017300000000,73703.36000000,73709.51000000,73651.67000000,73651.67000000,0.00455000,1780017599999999,335.27700380,25,0.00210000,154.73309830,0
1780017600000000,73631.98000000,73631.98000000,73532.01000000,73549.25000000,0.00197000,1780017899999999,144.90045220,20,0.00197000,144.90045220,0
1780017900000000,73542.82000000,73554.51000000,73521.32000000,73536.01000000,0.00224000,1780018199999999,164.72588600,25,0.00224000,164.72588600,0
1780018200000000,73523.19000000,73523.19000000,73467.11000000,73497.61000000,0.00761000,1780018499999999,559.20829390,42,0.00761000,559.20829390,0
1780018500000000,73497.61000000,73505.11000000,73422.56000000,73432.24000000,0.00982000,1780018799999999,721.58864020,54,0.00982000,721.58864020,0
1780018800000000,73435.80000000,73449.92000000,73435.45000000,73449.92000000,0.00376000,1780019099999999,276.13838670,40,0.00376000,276.13838670,0
1780019100000000,73449.92000000,73496.92000000,73427.92000000,73427.92000000,0.00346000,1780019399999999,254.21485590,38,0.00332000,243.92998270,0
1780019400000000,73403.16000000,73512.39000000,73403.16000000,73512.39000000,0.00539000,1780019699999999,395.85702150,36,0.00539000,395.85702150,0
1780019700000000,73512.39000000,73549.92000000,73504.06000000,73526.39000000,0.00348000,1780019999999999,255.88317120,37,0.00348000,255.88317120,0
1780020000000000,73516.34000000,73565.19000000,73481.30000000,73565.19000000,0.00526000,1780020299999999,386.64653750,41,0.00368000,270.54608350,0
1780020300000000,73519.98000000,73527.39000000,73489.82000000,73510.92000000,0.00721000,1780020599999999,530.08452540,36,0.00721000,530.08452540,0
1780020600000000,73547.15000000,73558.74000000,73525.86000000,73553.07000000,0.00841000,1780020899999999,618.45623820,41,0.00841000,618.45623820,0
1780020900000000,73557.30000000,73571.33000000,73519.46000000,73560.41000000,0.00370000,1780021199999999,272.13248450,38,0.00370000,272.13248450,0
1780021200000000,73560.41000000,73560.41000000,73408.46000000,73408.46000000,0.02050000,1780021499999999,1505.70951170,46,0.00517000,379.80103430,0
1780021500000000,73408.46000000,73408.46000000,73297.85000000,73313.38000000,0.00755000,1780021799999999,553.83203830,57,0.00526000,385.95523060,0
1780021800000000,73291.13000000,73398.38000000,73291.13000000,73396.83000000,0.00627000,1780022099999999,459.82244320,50,0.00627000,459.82244320,0
1780022100000000,73396.83000000,73398.31000000,73370.15000000,73384.47000000,0.00358000,1780022399999999,262.74604550,37,0.00358000,262.74604550,0
1780022400000000,73384.47000000,73394.44000000,73256.45000000,73256.45000000,0.00310000,1780022699999999,227.30084480,30,0.00284000,208.24504700,0
1780022700000000,73272.06000000,73314.59000000,73272.06000000,73304.79000000,0.00266000,1780022999999999,194.97753500,29,0.00266000,194.97753500,0
1780023000000000,73297.65000000,73297.65000000,73198.91000000,73210.74000000,0.00254000,1780023299999999,186.09645580,26,0.00254000,186.09645580,0
1780023300000000,73176.75000000,73202.70000000,73127.23000000,73140.23000000,0.00719000,1780023599999999,525.99006320,33,0.00287000,210.00911600,0
1780023600000000,73140.23000000,73234.62000000,73140.23000000,73228.82000000,0.00253000,1780023899999999,185.18680780,26,0.00253000,185.18680780,0
1780023900000000,73219.70000000,73367.62000000,73219.70000000,73367.62000000,0.00329000,1780024199999999,241.05038830,27,0.00329000,241.05038830,0
1780024200000000,73367.62000000,73379.95000000,73367.62000000,73378.87000000,0.00248000,1780024499999999,181.96428560,26,0.00248000,181.96428560,0
1780024500000000,73378.87000000,73378.87000000,73317.29000000,73345.95000000,0.00185000,1780024799999999,135.69275780,18,0.00185000,135.69275780,0
1780024800000000,73352.77000000,73362.45000000,73335.31000000,73335.31000000,0.00108000,1780025099999999,79.21449500,11,0.00108000,79.21449500,0
1780025100000000,73335.31000000,73335.31000000,73326.21000000,73326.21000000,0.00120000,1780025399999999,87.99566700,11,0.00120000,87.99566700,0
1780025400000000,73335.31000000,73371.94000000,73292.25000000,73364.10000000,0.00098000,1780025699999999,71.86885110,11,0.00098000,71.86885110,0
1780025700000000,73357.15000000,73357.15000000,73246.43000000,73249.86000000,0.03341000,1780025999999999,2447.95501060,20,0.00179000,131.16221350,0
1780026000000000,73249.86000000,73294.20000000,73249.86000000,73291.17000000,0.00117000,1780026299999999,85.73446560,12,0.00117000,85.73446560,0
1780026300000000,73282.04000000,73282.04000000,73278.91000000,73278.91000000,0.00152000,1780026599999999,111.38550820,15,0.00152000,111.38550820,0
1780026600000000,73276.73000000,73287.09000000,73201.18000000,73217.04000000,0.01439000,1780026899999999,1053.76994350,19,0.00336000,246.07017730,0
1780026900000000,73228.30000000,73248.69000000,73211.63000000,73211.63000000,0.00160000,1780027199999999,117.16452970,16,0.00160000,117.16452970,0
1780027200000000,73211.63000000,73290.66000000,73211.63000000,73290.66000000,0.00106000,1780027499999999,77.65532180,10,0.00106000,77.65532180,0
1780027500000000,73290.66000000,73290.66000000,73158.46000000,73158.46000000,0.00888000,1780027799999999,650.24942920,8,0.00067000,49.05436350,0
1780027800000000,73140.92000000,73161.84000000,73127.22000000,73160.65000000,0.00057000,1780028099999999,41.69182490,6,0.00048000,35.11037510,0
1780028100000000,73140.90000000,73179.47000000,73140.90000000,73175.74000000,0.00048000,1780028399999999,35.12189100,5,0.00048000,35.12189100,0
1780028400000000,73174.24000000,73209.94000000,73147.19000000,73209.94000000,0.00056000,1780028699999999,40.97604530,6,0.00009000,6.58568160,0
1780028700000000,73218.25000000,73273.12000000,73218.25000000,73271.20000000,0.00091000,1780028999999999,66.65917400,9,0.00039000,28.57239320,0
1780029000000000,73294.20000000,73330.58000000,73244.69000000,73287.07000000,0.00103000,1780029299999999,75.48182530,10,0.00052000,38.11629080,0
1780029300000000,73315.84000000,73359.70000000,73290.29000000,73300.66000000,0.00144000,1780029599999999,105.58715680,11,0.00097000,71.13139710,0
1780029600000000,73304.85000000,73318.87000000,73282.59000000,73301.28000000,0.00051000,1780029899999999,37.38529730,5,0.00000000,0.00000000,0
1780029900000000,73345.11000000,73345.11000000,73316.13000000,73320.69000000,0.00048000,1780030199999999,35.19740080,5,0.00000000,0.00000000,0
1780030200000000,73325.46000000,73325.46000000,73299.29000000,73304.57000000,0.00043000,1780030499999999,31.52361880,5,0.00000000,0.00000000,0
1780030500000000,73334.58000000,73386.04000000,73334.58000000,73386.04000000,0.00049000,1780030799999999,35.95107810,5,0.00000000,0.00000000,0
1780030800000000,73381.97000000,73456.16000000,73381.97000000,73456.16000000,0.00046000,1780031099999999,33.77118760,5,0.00000000,0.00000000,0
1780031100000000,73487.50000000,73491.86000000,73446.01000000,73491.86000000,0.00050000,1780031399999999,36.73780080,5,0.00000000,0.00000000,0
1780031400000000,73520.45000000,73520.45000000,73481.39000000,73481.39000000,0.00041000,1780031699999999,30.13512550,5,0.00000000,0.00000000,0
1780031700000000,73489.24000000,73502.91000000,73445.62000000,73502.91000000,0.01435000,1780031999999999,1054.75464410,8,0.01395000,1025.36559450,0
1780032000000000,73452.30000000,73459.93000000,73434.13000000,73434.14000000,0.00068000,1780032299999999,49.93909340,7,0.00000000,0.00000000,0
1780032300000000,73443.84000000,73476.46000000,73443.84000000,73476.13000000,0.00197000,1780032599999999,144.74202240,6,0.00147000,108.01039620,0
1780032600000000,73460.26000000,73460.26000000,73407.33000000,73409.17000000,0.00043000,1780032899999999,31.57222040,5,0.00000000,0.00000000,0
1780032900000000,73414.07000000,73437.83000000,73396.03000000,73407.06000000,0.00397000,1780033199999999,291.49184610,8,0.00216000,158.62571280,0
1780033200000000,73397.45000000,73416.11000000,73396.18000000,73416.11000000,0.00054000,1780033499999999,39.63986290,5,0.00000000,0.00000000,0
1780033500000000,73434.37000000,73575.81000000,73434.37000000,73562.88000000,0.01318000,1780033799999999,969.13529070,10,0.01251000,919.86788880,0
1780033800000000,73536.22000000,73568.34000000,73536.22000000,73568.34000000,0.00467000,1780034099999999,343.54382860,8,0.00400000,294.26100000,0
1780034100000000,73568.34000000,73600.62000000,73548.16000000,73600.62000000,0.01411000,1780034399999999,1038.04319450,9,0.00000000,0.00000000,0
1780034400000000,73571.36000000,73595.74000000,73571.36000000,73594.04000000,0.00049000,1780034699999999,36.05572320,5,0.00000000,0.00000000,0
1780034700000000,73548.16000000,73570.91000000,73526.47000000,73536.21000000,0.00047000,1780034999999999,34.56666570,5,0.00000000,0.00000000,0
1780035000000000,73540.81000000,73605.76000000,73540.81000000,73589.52000000,0.00903000,1780035299999999,664.62274150,7,0.00818000,602.09511680,0
1780035300000000,73609.37000000,73648.48000000,73609.37000000,73644.61000000,0.00800000,1780035599999999,589.07306500,10,0.00000000,0.00000000,0
1780035600000000,73663.22000000,73809.63000000,73653.08000000,73735.96000000,0.01574000,1780035899999999,1161.37919580,14,0.00000000,0.00000000,0
1780035900000000,73727.84000000,73727.84000000,73675.29000000,73678.85000000,0.00425000,1780036199999999,313.25724570,12,0.00078000,57.47785680,0
1780036200000000,73635.79000000,73644.09000000,73590.27000000,73590.27000000,0.00236000,1780036499999999,173.77857010,8,0.00000000,0.00000000,0
1780036500000000,73586.64000000,73587.02000000,73557.72000000,73557.72000000,0.00294000,1780036799999999,216.33593270,7,0.00000000,0.00000000,0
1780036800000000,73556.69000000,73590.59000000,73556.69000000,73590.59000000,0.02596000,1780037099999999,1910.17257200,9,0.00000000,0.00000000,0
1780037100000000,73592.00000000,73640.94000000,73574.65000000,73640.94000000,0.00100000,1780037399999999,73.60482610,9,0.00000000,0.00000000,0
1780037400000000,73634.65000000,73686.45000000,73619.36000000,73664.60000000,0.03718000,1780037699999999,2739.09394720,20,0.00000000,0.00000000,0
1780037700000000,73664.60000000,73685.89000000,73656.86000000,73656.86000000,0.01117000,1780037999999999,823.04974490,12,0.00000000,0.00000000,0
1780038000000000,73673.87000000,73687.29000000,73633.33000000,73633.33000000,0.04113000,1780038299999999,3030.16339940,19,0.00000000,0.00000000,0
1780038300000000,73663.61000000,73684.13000000,73654.22000000,73654.22000000,0.06567000,1780038599999999,4838.73949460,6,0.00000000,0.00000000,0
1780038600000000,73690.25000000,73706.41000000,73690.25000000,73706.41000000,0.03638000,1780038899999999,2681.42869180,14,0.00065000,47.89866250,0
1780038900000000,73706.41000000,73706.41000000,73706.41000000,73706.41000000,0.00000000,1780039199999999,0.00000000,0,0.00000000,0.00000000,0
1780039200000000,73706.41000000,73706.41000000,73706.41000000,73706.41000000,0.00000000,1780039499999999,0.00000000,0,0.00000000,0.00000000,0
1780039500000000,73653.12000000,73653.12000000,73653.12000000,73653.12000000,0.00681000,1780039799999999,501.57774720,1,0.00681000,501.57774720,0
1780039800000000,73580.10000000,73580.10000000,73473.38000000,73473.38000000,0.07431000,1780040099999999,5461.73688260,25,0.00262000,192.50025560,0
1780040100000000,73397.81000000,73397.81000000,73397.81000000,73397.81000000,0.00032000,1780040399999999,23.48729920,1,0.00032000,23.48729920,0
1780040400000000,73397.81000000,73397.81000000,73397.81000000,73397.81000000,0.00000000,1780040699999999,0.00000000,0,0.00000000,0.00000000,0
1780040700000000,73307.41000000,73307.41000000,73262.24000000,73262.24000000,0.00850000,1780040999999999,622.97028330,4,0.00500000,366.53705000,0
1780041000000000,73262.24000000,73262.24000000,73262.24000000,73262.24000000,0.00000000,1780041299999999,0.00000000,0,0.00000000,0.00000000,0
1780041300000000,73262.24000000,73262.24000000,73262.24000000,73262.24000000,0.00000000,1780041599999999,0.00000000,0,0.00000000,0.00000000,0
1780041600000000,73262.24000000,73262.24000000,73262.24000000,73262.24000000,0.00000000,1780041899999999,0.00000000,0,0.00000000,0.00000000,0
1780041900000000,73558.77000000,73558.77000000,73558.77000000,73558.77000000,0.00009000,1780042199999999,6.62028930,1,0.00009000,6.62028930,0
1780042200000000,73615.80000000,73615.80000000,73615.80000000,73615.80000000,0.00187000,1780042499999999,137.66154600,1,0.00187000,137.66154600,0
1780042500000000,73608.88000000,73615.83000000,73608.88000000,73615.80000000,0.01306000,1780042799999999,961.36062400,4,0.00892000,656.59120960,0
1780042800000000,73615.80000000,73615.80000000,73593.58000000,73593.58000000,0.00799000,1780043099999999,588.18868660,5,0.00000000,0.00000000,0
1780043100000000,73696.92000000,73696.92000000,73696.92000000,73696.92000000,0.00890000,1780043399999999,655.90258800,1,0.00000000,0.00000000,0
1780043400000000,73652.20000000,73652.20000000,73652.20000000,73652.20000000,0.00441000,1780043699999999,324.80620200,1,0.00441000,324.80620200,0
1780043700000000,73722.04000000,73722.04000000,73708.45000000,73710.02000000,0.00719000,1780043999999999,529.99995410,3,0.00719000,529.99995410,0
1780044000000000,73710.02000000,73710.02000000,73710.02000000,73710.02000000,0.00000000,1780044299999999,0.00000000,0,0.00000000,0.00000000,0
1780044300000000,73626.25000000,73626.25000000,73626.25000000,73626.25000000,0.00874000,1780044599999999,643.49342500,1,0.00000000,0.00000000,0
1780044600000000,73597.28000000,73603.63000000,73597.28000000,73603.63000000,0.00749000,1780044899999999,551.24400820,2,0.00006000,4.41621780,0
1780044900000000,73553.54000000,73553.54000000,73553.54000000,73553.54000000,0.00065000,1780045199999999,47.80980100,1,0.00065000,47.80980100,0
1780045200000000,73577.42000000,73577.42000000,73575.48000000,73575.48000000,0.00809000,1780045499999999,595.22970660,3,0.00135000,99.32951700,0
1780045500000000,73640.43000000,73640.43000000,73640.43000000,73640.43000000,0.00497000,1780045799999999,365.99293710,1,0.00497000,365.99293710,0
1780045800000000,73719.98000000,73719.98000000,73719.33000000,73719.33000000,0.00898000,1780046099999999,662.00350500,3,0.00000000,0.00000000,0
1780046100000000,73725.78000000,73725.78000000,73725.78000000,73725.78000000,0.00601000,1780046399999999,443.09193780,1,0.00601000,443.09193780,0
1780046400000000,73786.91000000,73786.92000000,73786.91000000,73786.92000000,0.00897000,1780046699999999,661.86859660,2,0.00897000,661.86859660,0
1780046700000000,73759.84000000,73759.84000000,73759.83000000,73759.83000000,0.00792000,1780046999999999,584.17792600,2,0.00000000,0.00000000,0
1780047000000000,73759.83000000,73759.83000000,73759.83000000,73759.83000000,0.00000000,1780047299999999,0.00000000,0,0.00000000,0.00000000,0
1780047300000000,73759.83000000,73759.83000000,73759.83000000,73759.83000000,0.00000000,1780047599999999,0.00000000,0,0.00000000,0.00000000,0
1780047600000000,73759.83000000,73759.83000000,73759.83000000,73759.83000000,0.00000000,1780047899999999,0.00000000,0,0.00000000,0.00000000,0
1780047900000000,73724.92000000,73724.92000000,73657.13000000,73657.13000000,0.00017000,1780048199999999,12.52713530,2,0.00008000,5.89799360,0
1780048200000000,73648.69000000,73648.69000000,73648.69000000,73648.69000000,0.00159000,1780048499999999,117.10141710,1,0.00159000,117.10141710,0
1780048500000000,73627.03000000,73627.03000000,73627.03000000,73627.03000000,0.00158000,1780048799999999,116.33070740,1,0.00158000,116.33070740,0
1780048800000000,73627.03000000,73627.03000000,73627.03000000,73627.03000000,0.00000000,1780049099999999,0.00000000,0,0.00000000,0.00000000,0
1780049100000000,73582.22000000,73582.22000000,73582.22000000,73582.22000000,0.00068000,1780049399999999,50.03590960,1,0.00000000,0.00000000,0
1780049400000000,73582.22000000,73582.22000000,73582.22000000,73582.22000000,0.00000000,1780049699999999,0.00000000,0,0.00000000,0.00000000,0
1780049700000000,73611.68000000,73611.68000000,73568.95000000,73568.95000000,0.00041000,1780049999999999,30.17437930,2,0.00026000,19.13903680,0
1780050000000000,73525.76000000,73525.76000000,73525.76000000,73525.76000000,0.00068000,1780050299999999,49.99751680,1,0.00000000,0.00000000,0
1780050300000000,73537.57000000,73537.57000000,73537.57000000,73537.57000000,0.00040000,1780050599999999,29.41502800,1,0.00040000,29.41502800,0
1780050600000000,73500.39000000,73504.10000000,73500.00000000,73500.00000000,0.07001000,1780050899999999,5145.74063620,27,0.00131000,96.29037100,0
1780050900000000,73500.00000000,73500.00000000,73500.00000000,73500.00000000,0.00000000,1780051199999999,0.00000000,0,0.00000000,0.00000000,0
1780051200000000,73552.98000000,73567.78000000,73552.98000000,73567.78000000,0.00730000,1780051499999999,537.02757710,3,0.00662000,487.01155070,0
1780051500000000,73509.12000000,73569.08000000,73509.12000000,73569.08000000,0.08224000,1780051799999999,6049.84330100,5,0.08156000,5999.85709940,0
1780051800000000,73562.81000000,73564.54000000,73562.81000000,73564.54000000,0.00262000,1780052099999999,192.73615380,2,0.00262000,192.73615380,0
1780052100000000,73564.54000000,73564.54000000,73564.54000000,73564.54000000,0.00067000,1780052399999999,49.28824180,1,0.00000000,0.00000000,0
1780052400000000,73530.21000000,73530.21000000,73501.44000000,73501.44000000,0.00136000,1780052699999999,99.98152200,2,0.00000000,0.00000000,0
1780052700000000,73523.84000000,73529.23000000,73523.44000000,73523.44000000,0.01101000,1780052999999999,809.49860780,3,0.00026000,19.11759980,0
1780053000000000,73523.44000000,73523.44000000,73523.44000000,73523.44000000,0.00000000,1780053299999999,0.00000000,0,0.00000000,0.00000000,0
1780053300000000,73558.54000000,73558.54000000,73558.54000000,73558.54000000,0.00026000,1780053599999999,19.12522040,1,0.00026000,19.12522040,0
1780053600000000,73554.85000000,73554.85000000,73541.89000000,73549.03000000,0.00755000,1780053899999999,555.25837630,4,0.00687000,505.24107830,0
1780053900000000,73528.17000000,73528.17000000,73451.76000000,73451.76000000,0.00272000,1780054199999999,199.88821680,4,0.00000000,0.00000000,0
1780054200000000,73445.58000000,73445.58000000,73420.61000000,73420.61000000,0.00145000,1780054499999999,106.47903310,3,0.00000000,0.00000000,0
1780054500000000,73444.41000000,73444.41000000,73391.49000000,73391.49000000,0.00272000,1780054799999999,199.68527080,4,0.00000000,0.00000000,0
1780054800000000,73385.12000000,73391.44000000,73372.51000000,73391.44000000,0.00335000,1780055099999999,245.83084960,4,0.00131000,96.13450720,0
1780055100000000,73371.27000000,73371.27000000,73371.27000000,73371.27000000,0.00068000,1780055399999999,49.89246360,1,0.00000000,0.00000000,0
1780055400000000,73331.50000000,73331.50000000,73262.66000000,73262.66000000,0.00136000,1780055699999999,99.68402880,2,0.00000000,0.00000000,0
1780055700000000,73338.73000000,73368.25000000,73338.73000000,73368.25000000,0.00019000,1780055999999999,13.93731070,2,0.00019000,13.93731070,0
1780056000000000,73381.63000000,73383.37000000,73306.07000000,73336.38000000,0.00961000,1780056299999999,704.64803610,8,0.00867000,635.73144430,0
1780056300000000,73307.17000000,73307.17000000,73275.60000000,73275.60000000,0.00136000,1780056599999999,99.67628360,2,0.00000000,0.00000000,0
1780056600000000,73277.12000000,73285.29000000,73252.43000000,73252.43000000,0.00285000,1780056899999999,208.83256170,3,0.00217000,159.02090930,0
1780056900000000,73231.66000000,73231.66000000,73231.66000000,73231.66000000,0.00068000,1780057199999999,49.79752880,1,0.00000000,0.00000000,0
1780057200000000,73256.57000000,73256.57000000,73256.57000000,73256.57000000,0.00068000,1780057499999999,49.81446760,1,0.00000000,0.00000000,0
1780057500000000,73256.57000000,73256.57000000,73256.57000000,73256.57000000,0.00000000,1780057799999999,0.00000000,0,0.00000000,0.00000000,0
1780057800000000,73222.07000000,73238.02000000,73200.00000000,73200.00000000,0.07188000,1780058099999999,5261.70585660,15,0.00358000,262.14585660,0
1780058100000000,73199.14000000,73200.00000000,73199.14000000,73200.00000000,0.00342000,1780058399999999,250.34314000,4,0.00100000,73.19914000,0
1780058400000000,73150.49000000,73150.49000000,73150.49000000,73150.49000000,0.00046000,1780058699999999,33.64922540,1,0.00046000,33.64922540,0
1780058700000000,73127.22000000,73127.22000000,73127.22000000,73127.22000000,0.00009000,1780058999999999,6.58144980,1,0.00000000,0.00000000,0
1780059000000000,73232.90000000,73232.90000000,73232.90000000,73232.90000000,0.00009000,1780059299999999,6.59096100,1,0.00009000,6.59096100,0
1780059300000000,73232.90000000,73232.90000000,73232.90000000,73232.90000000,0.00000000,1780059599999999,0.00000000,0,0.00000000,0.00000000,0
1780059600000000,73127.22000000,73127.22000000,73127.22000000,73127.22000000,0.00009000,1780059899999999,6.58144980,1,0.00000000,0.00000000,0
1780059900000000,73100.00000000,73100.00000000,73100.00000000,73100.00000000,0.06839000,1780060199999999,4999.30900000,30,0.00000000,0.00000000,0
1780060200000000,73093.36000000,73093.36000000,73082.06000000,73083.42000000,0.01117000,1780060499999999,816.40857280,3,0.00396000,289.40544720,0
1780060500000000,73048.68000000,73048.69000000,73048.68000000,73048.69000000,0.00211000,1780060799999999,154.13271790,2,0.00211000,154.13271790,0
1780060800000000,73035.08000000,73039.93000000,72832.27000000,72913.09000000,0.47127000,1780061099999999,34392.39055250,30,0.00429000,313.33575150,0
1780061100000000,72989.49000000,73014.76000000,72951.82000000,72951.82000000,0.01989000,1780061399999999,1451.68667700,7,0.01989000,1451.68667700,0
1780061400000000,72951.82000000,72951.82000000,72951.82000000,72951.82000000,0.00000000,1780061699999999,0.00000000,0,0.00000000,0.00000000,0
1780061700000000,73021.70000000,73182.79000000,73021.70000000,73143.20000000,0.00209000,1780061999999999,152.91009420,4,0.00141000,103.14579700,0
1780062000000000,73037.35000000,73127.22000000,73037.35000000,73127.22000000,0.00669000,1780062299999999,488.63946180,4,0.00669000,488.63946180,0
1780062300000000,73127.22000000,73127.22000000,73127.22000000,73127.22000000,0.00000000,1780062599999999,0.00000000,0,0.00000000,0.00000000,0
1780062600000000,73000.52000000,73014.96000000,73000.52000000,73014.96000000,0.00147000,1780062899999999,107.32217200,2,0.00068000,49.64035360,0
1780062900000000,73014.96000000,73014.96000000,73014.96000000,73014.96000000,0.00000000,1780063199999999,0.00000000,0,0.00000000,0.00000000,0
1780063200000000,73062.88000000,73062.88000000,73062.88000000,73062.88000000,0.00054000,1780063499999999,39.45395520,1,0.00054000,39.45395520,0
1780063500000000,72916.33000000,72916.33000000,72916.33000000,72916.33000000,0.00009000,1780063799999999,6.56246970,1,0.00000000,0.00000000,0
1780063800000000,72861.57000000,72883.95000000,72861.57000000,72883.95000000,0.00079000,1780064099999999,57.56287830,2,0.00079000,57.56287830,0
1780064100000000,72942.18000000,72942.18000000,72811.11000000,72811.11000000,0.00107000,1780064399999999,78.03633630,2,0.00098000,71.48333640,0
1780064400000000,72811.11000000,72811.11000000,72811.11000000,72811.11000000,0.00000000,1780064699999999,0.00000000,0,0.00000000,0.00000000,0
1780064700000000,72601.13000000,72601.13000000,72425.00000000,72584.86000000,0.28154000,1780064999999999,20418.79840070,49,0.00408000,295.60460700,0
1780065000000000,72706.04000000,72706.04000000,72706.04000000,72706.04000000,0.00009000,1780065299999999,6.54354360,1,0.00009000,6.54354360,0
1780065300000000,72706.04000000,72706.04000000,72706.04000000,72706.04000000,0.00000000,1780065599999999,0.00000000,0,0.00000000,0.00000000,0
1780065600000000,72601.17000000,72607.67000000,72496.36000000,72535.82000000,0.35598000,1780065899999999,25843.96079280,51,0.34030000,24705.59193330,0
1780065900000000,72579.53000000,72724.32000000,72579.53000000,72724.32000000,0.01219000,1780066199999999,885.18649540,12,0.01219000,885.18649540,0
1780066200000000,72676.31000000,72932.67000000,72676.31000000,72932.67000000,0.01569000,1780066499999999,1143.46726260,13,0.01569000,1143.46726260,0
1780066500000000,72829.72000000,73039.09000000,72829.72000000,73039.09000000,0.00719000,1780066799999999,524.54082410,9,0.00719000,524.54082410,0
1780066800000000,72896.30000000,73176.58000000,72896.30000000,73176.58000000,0.00252000,1780067099999999,184.12114300,6,0.00223000,162.98121600,0
1780067100000000,73212.28000000,73550.84000000,73212.28000000,73550.84000000,0.02235000,1780067399999999,1640.61251000,18,0.01028000,754.54161930,0
1780067400000000,73576.99000000,73629.07000000,73576.99000000,73597.21000000,0.03258000,1780067699999999,2398.35787480,8,0.00903000,664.79479330,0
1780067700000000,73511.21000000,73512.23000000,73466.77000000,73512.23000000,0.01864000,1780067999999999,1369.71769950,9,0.00185000,135.96176890,0
1780068000000000,73504.69000000,73504.69000000,73463.88000000,73463.88000000,0.00143000,1780068299999999,105.06342670,3,0.00136000,99.91809840,0
1780068300000000,73470.75000000,73611.21000000,73470.75000000,73608.81000000,0.02053000,1780068599999999,1509.34835740,8,0.02030000,1492.41833110,0
1780068600000000,73657.12000000,73976.92000000,73657.12000000,73976.92000000,0.00212000,1780068899999999,156.39362420,7,0.00212000,156.39362420,0
1780068900000000,74035.45000000,74035.45000000,73901.55000000,73901.55000000,0.00026000,1780069199999999,19.23582700,2,0.00016000,11.84567200,0
1780069200000000,74029.15000000,74064.97000000,73657.13000000,73661.09000000,0.02874000,1780069499999999,2124.53609110,13,0.00497000,366.92561320,0
1780069500000000,73696.40000000,73743.21000000,73693.86000000,73697.81000000,0.02600000,1780069799999999,1916.68946680,7,0.01592000,1173.81554200,0
1780069800000000,73736.61000000,73736.61000000,73642.41000000,73642.41000000,0.01160000,1780070099999999,854.29338090,5,0.01160000,854.29338090,0
1780070100000000,73699.16000000,73739.38000000,73699.16000000,73739.38000000,0.00079000,1780070399999999,58.22796720,2,0.00079000,58.22796720,0
1780070400000000,73722.28000000,73748.30000000,73718.76000000,73748.30000000,0.07261000,1780070699999999,5353.62071610,13,0.01722000,1269.60280840,0
1780070700000000,73750.26000000,73750.26000000,73750.26000000,73750.26000000,0.00024000,1780070999999999,17.70006240,1,0.00024000,17.70006240,0
1780071000000000,73849.12000000,73912.85000000,73849.12000000,73871.49000000,0.01247000,1780071299999999,921.18732330,13,0.01247000,921.18732330,0
1780071300000000,73871.49000000,73875.75000000,73701.84000000,73701.84000000,0.02564000,1780071599999999,1890.89650030,9,0.00195000,144.04431250,0
1780071600000000,73663.28000000,73670.64000000,73592.42000000,73592.42000000,0.06200000,1780071899999999,4566.52260000,7,0.05018000,3696.66019560,0
1780071900000000,73525.00000000,73565.62000000,73525.00000000,73565.62000000,0.00237000,1780072199999999,174.31314900,2,0.00237000,174.31314900,0
1780072200000000,73729.42000000,73911.89000000,73729.42000000,73911.89000000,0.11964000,1780072499999999,8823.06070210,9,0.11964000,8823.06070210,0
1780072500000000,73976.92000000,73976.92000000,73949.37000000,73949.37000000,0.00273000,1780072799999999,201.88425960,2,0.00273000,201.88425960,0
1780072800000000,73923.04000000,73976.92000000,73923.04000000,73976.92000000,0.00161000,1780073099999999,119.02972370,3,0.00161000,119.02972370,0
1780073100000000,73976.92000000,73976.92000000,73976.92000000,73976.92000000,0.00000000,1780073399999999,0.00000000,0,0.00000000,0.00000000,0
1780073400000000,73961.80000000,73961.80000000,73961.80000000,73961.80000000,0.00040000,1780073699999999,29.58472000,1,0.00040000,29.58472000,0
1780073700000000,73961.79000000,73974.30000000,73955.21000000,73974.30000000,0.00271000,1780073999999999,200.44048330,4,0.00249000,184.16888950,0
1780074000000000,73994.30000000,74050.01000000,73994.30000000,74050.01000000,0.00438000,1780074299999999,324.19702160,4,0.00438000,324.19702160,0
1780074300000000,73939.33000000,73964.67000000,73939.33000000,73964.67000000,0.00077000,1780074599999999,56.93556470,2,0.00068000,50.27874440,0
1780074600000000,74081.24000000,74202.10000000,74081.24000000,74162.24000000,0.00568000,1780074899999999,421.09603500,8,0.00568000,421.09603500,0
1780074900000000,74164.12000000,74217.54000000,74099.14000000,74138.38000000,0.04225000,1780075199999999,3132.99551190,25,0.03228000,2394.13735610,0
1780075200000000,74162.77000000,74204.77000000,74131.41000000,74200.86000000,0.00491000,1780075499999999,364.17785780,8,0.00491000,364.17785780,0
1780075500000000,74116.69000000,74151.90000000,74116.69000000,74151.90000000,0.00134000,1780075799999999,99.33995530,2,0.00134000,99.33995530,0
1780075800000000,74161.09000000,74226.90000000,74161.09000000,74186.46000000,0.00360000,1780076099999999,267.08241290,6,0.00293000,217.36783670,0
1780076100000000,74186.46000000,74186.46000000,74186.46000000,74186.46000000,0.00000000,1780076399999999,0.00000000,0,0.00000000,0.00000000,0
1780076400000000,74228.96000000,74235.07000000,74208.94000000,74220.85000000,0.04641000,1780076699999999,3445.21509450,5,0.04641000,3445.21509450,0
1780076700000000,74042.49000000,74042.49000000,74042.49000000,74042.49000000,0.00024000,1780076999999999,17.77019760,1,0.00024000,17.77019760,0
1780077000000000,73905.11000000,73935.62000000,73905.11000000,73935.62000000,0.00136000,1780077299999999,100.53169640,2,0.00136000,100.53169640,0
1780077300000000,73935.62000000,73935.62000000,73935.62000000,73935.62000000,0.00000000,1780077599999999,0.00000000,0,0.00000000,0.00000000,0
1780077600000000,73897.28000000,73897.28000000,73897.28000000,73897.28000000,0.00068000,1780077899999999,50.25015040,1,0.00068000,50.25015040,0
1780077900000000,73890.96000000,73961.28000000,73890.96000000,73961.28000000,0.00145000,1780078199999999,107.17189160,3,0.00145000,107.17189160,0
1780078200000000,73961.28000000,73961.28000000,73961.28000000,73961.28000000,0.00000000,1780078499999999,0.00000000,0,0.00000000,0.00000000,0
1780078500000000,73830.11000000,73837.02000000,73826.79000000,73832.94000000,0.00485000,1780078799999999,358.08203420,5,0.00485000,358.08203420,0
1780078800000000,73823.76000000,73823.76000000,73763.57000000,73763.57000000,0.01122000,1780079099999999,827.88928410,4,0.00068000,50.20015680,0
1780079100000000,73780.57000000,73780.57000000,73718.60000000,73718.60000000,0.00345000,1780079399999999,254.42018280,3,0.00177000,130.48192200,0
1780079400000000,73718.60000000,73718.60000000,73718.60000000,73718.60000000,0.00000000,1780079699999999,0.00000000,0,0.00000000,0.00000000,0
1780079700000000,73730.79000000,73730.79000000,73730.79000000,73730.79000000,0.00250000,1780079999999999,184.32697500,1,0.00250000,184.32697500,0
1780080000000000,73730.79000000,73730.79000000,73730.79000000,73730.79000000,0.00000000,1780080299999999,0.00000000,0,0.00000000,0.00000000,0
1780080300000000,73657.13000000,73657.13000000,73501.63000000,73568.33000000,0.01432000,1780080599999999,1053.31386290,9,0.01414000,1040.06514560,0
1780080600000000,73503.69000000,73503.69000000,73127.22000000,73185.48000000,0.10861000,1780080899999999,7950.83610530,32,0.02980000,2181.03668400,0
1780080900000000,73235.40000000,73235.40000000,73235.40000000,73235.40000000,0.00068000,1780081199999999,49.80007200,1,0.00068000,49.80007200,0
1780081200000000,73300.73000000,73338.73000000,73262.79000000,73338.73000000,0.00286000,1780081499999999,209.64668410,5,0.00286000,209.64668410,0
1780081500000000,73338.73000000,73338.73000000,73338.73000000,73338.73000000,0.00000000,1780081799999999,0.00000000,0,0.00000000,0.00000000,0
1780081800000000,73374.66000000,73374.66000000,73374.66000000,73374.66000000,0.00392000,1780082099999999,287.62866720,1,0.00392000,287.62866720,0
1780082100000000,73266.27000000,73302.68000000,73266.27000000,73302.68000000,0.00197000,1780082399999999,144.38152080,3,0.00136000,99.66688600,0
1780082400000000,73302.68000000,73302.68000000,73302.68000000,73302.68000000,0.00000000,1780082699999999,0.00000000,0,0.00000000,0.00000000,0
1780082700000000,73302.68000000,73302.68000000,73302.68000000,73302.68000000,0.00000000,1780082999999999,0.00000000,0,0.00000000,0.00000000,0
1780083000000000,73338.73000000,73338.73000000,73338.73000000,73338.73000000,0.00009000,1780083299999999,6.60048570,1,0.00009000,6.60048570,0
1780083300000000,73548.12000000,73550.84000000,73548.12000000,73550.84000000,0.00335000,1780083599999999,246.38644680,5,0.00109000,80.16769560,0
1780083600000000,73641.53000000,73641.53000000,73616.70000000,73616.70000000,0.00136000,1780083899999999,100.13559640,2,0.00136000,100.13559640,0
1780083900000000,73616.70000000,73616.70000000,73592.35000000,73612.08000000,0.28662000,1780084199999999,21098.98001960,9,0.19192000,14127.91604360,0
1780084200000000,73612.08000000,73612.08000000,73612.08000000,73612.08000000,0.00000000,1780084499999999,0.00000000,0,0.00000000,0.00000000,0
1780084500000000,73537.39000000,73537.39000000,73537.39000000,73537.39000000,0.00041000,1780084799999999,30.15032990,1,0.00041000,30.15032990,0
1780084800000000,73478.25000000,73509.95000000,73478.25000000,73490.67000000,0.00099000,1780085099999999,72.74975550,4,0.00099000,72.74975550,0
1780085100000000,73547.07000000,73547.07000000,73547.07000000,73547.07000000,0.00067000,1780085399999999,49.27653690,1,0.00067000,49.27653690,0
1780085400000000,73591.79000000,73591.79000000,73591.79000000,73591.79000000,0.00068000,1780085699999999,50.04241720,1,0.00068000,50.04241720,0
1780085700000000,73579.56000000,73579.56000000,73575.54000000,73575.54000000,0.00096000,1780085999999999,70.63525200,2,0.00096000,70.63525200,0
1780086000000000,73575.54000000,73622.57000000,73575.54000000,73622.57000000,0.00108000,1780086299999999,79.49356360,2,0.00108000,79.49356360,0
1780086300000000,73638.17000000,73638.17000000,73634.53000000,73634.53000000,0.00098000,1780086599999999,72.16431460,2,0.00068000,50.07395560,0
1780086600000000,73655.26000000,73668.96000000,73655.26000000,73668.96000000,0.00165000,1780086899999999,121.54409970,3,0.00165000,121.54409970,0
1780086900000000,73668.96000000,73668.96000000,73668.96000000,73668.96000000,0.00000000,1780087199999999,0.00000000,0,0.00000000,0.00000000,0
1780087200000000,73645.10000000,73645.10000000,73645.10000000,73645.10000000,0.00033000,1780087499999999,24.30288300,1,0.00033000,24.30288300,0
1780087500000000,73676.92000000,73676.92000000,73676.92000000,73676.92000000,0.00019000,1780087799999999,13.99861480,1,0.00019000,13.99861480,0
1780087800000000,73676.92000000,73676.92000000,73676.92000000,73676.92000000,0.00000000,1780088099999999,0.00000000,0,0.00000000,0.00000000,0
1780088100000000,73676.92000000,73676.92000000,73676.92000000,73676.92000000,0.00000000,1780088399999999,0.00000000,0,0.00000000,0.00000000,0
1780088400000000,73587.77000000,73587.77000000,73587.77000000,73587.77000000,0.00068000,1780088699999999,50.03968360,1,0.00068000,50.03968360,0
1780088700000000,73639.60000000,73712.23000000,73639.60000000,73712.23000000,0.00238000,1780088999999999,175.35988620,5,0.00238000,175.35988620,0
1780089000000000,73751.37000000,73751.37000000,73751.37000000,73751.37000000,0.00068000,1780089299999999,50.15093160,1,0.00068000,50.15093160,0
1780089300000000,73742.95000000,73743.07000000,73688.79000000,73688.79000000,0.01025000,1780089599999999,755.72347350,5,0.00331000,243.94672370,0
1780089600000000,73597.88000000,73597.88000000,73516.00000000,73516.00000000,0.01005000,1780089899999999,739.62580240,4,0.00035000,25.73060000,0
1780089900000000,73516.00000000,73516.00000000,73516.00000000,73516.00000000,0.00000000,1780090199999999,0.00000000,0,0.00000000,0.00000000,0
1780090200000000,73444.71000000,73487.85000000,73444.71000000,73487.85000000,0.00140000,1780090499999999,102.85913580,3,0.00131000,96.24911190,0
1780090500000000,73473.57000000,73473.57000000,73473.57000000,73473.57000000,0.00068000,1780090799999999,49.96202760,1,0.00068000,49.96202760,0
1780090800000000,73541.43000000,73541.43000000,73541.43000000,73541.43000000,0.00326000,1780091099999999,239.74506180,1,0.00326000,239.74506180,0
1780091100000000,73530.47000000,73530.47000000,73461.51000000,73461.51000000,0.00407000,1780091399999999,299.04282410,2,0.00407000,299.04282410,0
1780091400000000,73394.59000000,73394.59000000,73394.59000000,73394.59000000,0.00068000,1780091699999999,49.90832120,1,0.00068000,49.90832120,0
1780091700000000,73394.59000000,73394.59000000,73394.59000000,73394.59000000,0.00000000,1780091999999999,0.00000000,0,0.00000000,0.00000000,0
1780092000000000,73353.85000000,73353.85000000,73353.58000000,73353.58000000,0.01863000,1780092299999999,1366.57991430,2,0.00000000,0.00000000,0
1780092300000000,73339.84000000,73339.84000000,73339.84000000,73339.84000000,0.00397000,1780092599999999,291.15916480,1,0.00397000,291.15916480,0
1780092600000000,73339.84000000,73339.84000000,73339.84000000,73339.84000000,0.00000000,1780092899999999,0.00000000,0,0.00000000,0.00000000,0
1780092900000000,73339.84000000,73339.84000000,73339.84000000,73339.84000000,0.00000000,1780093199999999,0.00000000,0,0.00000000,0.00000000,0
1780093200000000,73443.21000000,73477.43000000,73443.21000000,73477.43000000,0.00145000,1780093499999999,106.51605910,3,0.00145000,106.51605910,0
1780093500000000,73465.30000000,73465.30000000,73465.30000000,73465.30000000,0.00043000,1780093799999999,31.59007900,1,0.00043000,31.59007900,0
1780093800000000,73465.30000000,73465.30000000,73465.30000000,73465.30000000,0.00000000,1780094099999999,0.00000000,0,0.00000000,0.00000000,0
1780094100000000,73465.30000000,73465.30000000,73465.30000000,73465.30000000,0.00000000,1780094399999999,0.00000000,0,0.00000000,0.00000000,0
1780094400000000,73412.33000000,73412.33000000,73412.33000000,73412.33000000,0.00078000,1780094699999999,57.26161740,1,0.00078000,57.26161740,0
1780094700000000,73412.33000000,73412.33000000,73412.33000000,73412.33000000,0.00000000,1780094999999999,0.00000000,0,0.00000000,0.00000000,0
1780095000000000,73366.97000000,73366.97000000,73366.97000000,73366.97000000,0.00027000,1780095299999999,19.80908190,1,0.00027000,19.80908190,0
1780095300000000,73366.97000000,73366.97000000,73366.97000000,73366.97000000,0.00000000,1780095599999999,0.00000000,0,0.00000000,0.00000000,0
1780095600000000,73366.97000000,73366.97000000,73366.97000000,73366.97000000,0.00000000,1780095899999999,0.00000000,0,0.00000000,0.00000000,0
1780095900000000,73366.97000000,73366.97000000,73366.97000000,73366.97000000,0.00000000,1780096199999999,0.00000000,0,0.00000000,0.00000000,0
1780096200000000,73366.97000000,73366.97000000,73345.59000000,73345.59000000,0.00103000,1780096499999999,75.55344070,2,0.00068000,49.87500120,0
1780096500000000,73359.49000000,73361.07000000,73359.49000000,73361.07000000,0.00136000,1780096799999999,99.76998080,2,0.00136000,99.76998080,0
1780096800000000,73282.72000000,73298.16000000,73282.72000000,73298.16000000,0.01052000,1780097099999999,770.96830560,3,0.01052000,770.96830560,0
1780097100000000,73320.70000000,73320.70000000,73320.70000000,73320.70000000,0.00068000,1780097399999999,49.85807600,1,0.00068000,49.85807600,0
1780097400000000,73320.70000000,73320.70000000,73320.70000000,73320.70000000,0.00000000,1780097699999999,0.00000000,0,0.00000000,0.00000000,0
1780097700000000,73320.70000000,73320.70000000,73320.70000000,73320.70000000,0.00000000,1780097999999999,0.00000000,0,0.00000000,0.00000000,0
1780098000000000,73320.70000000,73320.70000000,73320.70000000,73320.70000000,0.00000000,1780098299999999,0.00000000,0,0.00000000,0.00000000,0
1780098300000000,73320.70000000,73320.70000000,73320.70000000,73320.70000000,0.00000000,1780098599999999,0.00000000,0,0.00000000,0.00000000,0
1780098600000000,73398.92000000,73432.82000000,73398.92000000,73427.75000000,0.03444000,1780098899999999,2528.83020210,5,0.03444000,2528.83020210,0
1780098900000000,73427.75000000,73427.75000000,73427.75000000,73427.75000000,0.00000000,1780099199999999,0.00000000,0,0.00000000,0.00000000,0
