1769904000000000,1.97200000,1.98300000,1.96700000,1.97600000,54217.47000000,1769907599999999,107099.64673000,885,27166.69000000,53700.42588000,0
1769907600000000,1.97600000,1.97800000,1.95400000,1.96700000,39694.93000000,1769911199999999,77995.62913000,765,17267.79000000,33912.82272000,0
1769911200000000,1.96800000,1.98400000,1.96300000,1.98000000,25716.02000000,1769914799999999,50757.78841000,547,10966.79000000,21639.36819000,0
1769914800000000,1.97900000,1.98300000,1.97200000,1.97600000,31856.16000000,1769918399999999,62988.17518000,527,9335.71000000,18459.14988000,0
1769918400000000,1.97700000,1.98300000,1.97300000,1.97700000,23318.15000000,1769921999999999,46103.34825000,451,12395.80000000,24512.32451000,0
1769922000000000,1.97800000,1.98100000,1.96400000,1.97000000,25469.20000000,1769925599999999,50254.43407000,516,9837.89000000,19411.45500000,0
1769925600000000,1.97000000,1.98600000,1.96800000,1.97800000,41468.91000000,1769929199999999,82001.79532000,593,18679.45000000,36943.82200000,0
1769929200000000,1.97800000,1.99300000,1.97200000,1.98200000,40865.93000000,1769932799999999,81001.99644000,691,21644.36000000,42923.27996000,0
1769932800000000,1.98300000,1.98700000,1.97300000,1.97600000,37222.96000000,1769936399999999,73712.40920000,632,14386.42000000,28488.46584000,0
1769936400000000,1.97600000,1.98300000,1.96800000,1.98000000,45281.80000000,1769939999999999,89371.00632000,658,23343.29000000,46070.31997000,0
1769940000000000,1.98200000,1.99300000,1.95800000,1.96200000,78218.10000000,1769943599999999,154174.41427000,1252,35395.49000000,69764.02580000,0
1769943600000000,1.96200000,1.97700000,1.95800000,1.97000000,67055.79000000,1769947199999999,131929.39133000,965,34220.10000000,67343.92371000,0
1769947200000000,1.97100000,1.97200000,1.95600000,1.96100000,67500.35000000,1769950799999999,132672.90985000,986,34803.60000000,68414.11141000,0
1769950800000000,1.96200000,1.98100000,1.95900000,1.96500000,82816.99000000,1769954399999999,163509.44212000,1149,39170.29000000,77339.92781000,0
1769954400000000,1.96500000,1.97100000,1.93500000,1.95500000,111187.86000000,1769957999999999,217001.93067000,2056,50428.40000000,98516.13207000,0
1769958000000000,1.95400000,1.95500000,1.89800000,1.91600000,128647.90000000,1769961599999999,247009.37342000,2599,49090.85000000,94309.31223000,0
1769961600000000,1.91600000,1.93200000,1.89800000,1.90900000,94657.79000000,1769965199999999,181171.06103000,2014,39441.84000000,75470.70745000,0
1769965200000000,1.90900000,1.91600000,1.89500000,1.91200000,78238.32000000,1769968799999999,149026.10529000,1350,31365.37000000,59756.10644000,0
1769968800000000,1.91200000,1.94800000,1.91200000,1.93200000,94235.87000000,1769972399999999,182080.97394000,1646,49483.07000000,95577.65874000,0
1769972400000000,1.93000000,1.93500000,1.90100000,1.91100000,66390.96000000,1769975999999999,127468.75684000,957,25408.51000000,48770.69594000,0
1769976000000000,1.91100000,1.93200000,1.89100000,1.91100000,64075.35000000,1769979599999999,122376.55343000,1260,27953.00000000,53346.75722000,0
1769979600000000,1.91200000,1.92200000,1.89500000,1.90200000,102738.66000000,1769983199999999,196080.26751000,2120,59365.18000000,113434.94775000,0
1769983200000000,1.90300000,1.94000000,1.90200000,1.92700000,93611.25000000,1769986799999999,179626.65896000,2328,56304.45000000,107943.85061000,0
1769986800000000,1.92700000,1.93900000,1.87400000,1.91000000,131641.62000000,1769990399999999,251185.15544000,3592,54080.18000000,103373.71035000,0
1769990400000000,1.91300000,1.94700000,1.89900000,1.93800000,73603.67000000,1769993999999999,142158.76231000,1660,35708.97000000,69006.53358000,0
1769994000000000,1.93900000,1.96100000,1.91600000,1.94300000,56397.29000000,1769997599999999,109552.92885000,1398,27124.65000000,52686.18788000,0
1769997600000000,1.94200000,1.95100000,1.92800000,1.93000000,46002.64000000,1770001199999999,89207.45743000,910,20842.21000000,40423.26407000,0
1770001200000000,1.93000000,1.93400000,1.86400000,1.93100000,136520.66000000,1770004799999999,258498.10099000,3620,67887.12000000,128629.10651000,0
1770004800000000,1.93300000,1.95700000,1.90100000,1.93000000,80522.05000000,1770008399999999,156010.78534000,2064,37524.48000000,72707.46409000,0
1770008400000000,1.92900000,1.93000000,1.88300000,1.90300000,91911.66000000,1770011999999999,174738.75957000,1964,49618.78000000,94384.74408000,0
1770012000000000,1.90300000,1.94600000,1.87000000,1.91700000,190776.25000000,1770015599999999,363266.93636000,3557,87688.34000000,167102.63351000,0
1770015600000000,1.91700000,1.92900000,1.91000000,1.91300000,87139.52000000,1770019199999999,167226.14045000,1570,35803.30000000,68755.15925000,0
1770019200000000,1.91400000,1.92800000,1.91300000,1.92200000,46139.89000000,1770022799999999,88616.48808000,1003,22360.86000000,42942.27599000,0
1770022800000000,1.92200000,1.95000000,1.91300000,1.94400000,116534.28000000,1770026399999999,225408.96011000,1698,55948.60000000,107995.50154000,0
1770026400000000,1.94400000,1.94600000,1.93100000,1.94000000,65325.56000000,1770029999999999,126609.76569000,844,36132.87000000,70047.75564000,0
1770030000000000,1.94100000,1.95200000,1.93600000,1.94500000,42598.42000000,1770033599999999,82911.12224000,743,22060.27000000,42943.45744000,0
1770033600000000,1.94600000,1.95300000,1.94000000,1.95000000,76874.89000000,1770037199999999,149555.86586000,1043,42247.94000000,82201.38279000,0
1770037200000000,1.94900000,1.96200000,1.94300000,1.95900000,37324.80000000,1770040799999999,72905.60113000,790,21243.29000000,41505.89635000,0
1770040800000000,1.95900000,1.98000000,1.94300000,1.96800000,109320.21000000,1770044399999999,214701.95351000,1905,55945.47000000,109966.19569000,0
1770044400000000,1.96800000,2.00100000,1.96400000,1.99100000,76787.20000000,1770047999999999,152367.79146000,1428,42633.58000000,84605.34165000,0
1770048000000000,1.99200000,2.00700000,1.98800000,1.99300000,53645.12000000,1770051599999999,107193.09630000,906,26727.08000000,53418.01547000,0
1770051600000000,1.99400000,2.00200000,1.98200000,1.98700000,29585.95000000,1770055199999999,58928.99038000,628,13541.11000000,26970.35641000,0
1770055200000000,1.98900000,1.99800000,1.98100000,1.99100000,26113.39000000,1770058799999999,51897.35915000,517,15786.75000000,31379.88311000,0
1770058800000000,1.99100000,1.99800000,1.98100000,1.98100000,24312.39000000,1770062399999999,48376.17565000,659,15585.03000000,31038.53469000,0
1770062400000000,1.98000000,1.98800000,1.97300000,1.97600000,31937.58000000,1770065999999999,63240.94268000,1024,16400.24000000,32485.15434000,0
1770066000000000,1.97600000,1.98700000,1.97600000,1.98100000,13600.96000000,1770069599999999,26948.68610000,357,6114.77000000,12120.61256000,0
1770069600000000,1.98300000,1.98800000,1.97900000,1.98500000,13801.08000000,1770073199999999,27381.88458000,318,5806.83000000,11525.00865000,0
1770073200000000,1.98700000,1.98700000,1.97600000,1.98200000,11335.83000000,1770076799999999,22461.62995000,352,5356.75000000,10615.51838000,0
1770076800000000,1.98200000,1.98400000,1.96800000,1.97600000,16426.49000000,1770080399999999,32445.24156000,417,7573.93000000,14965.78618000,0
1770080400000000,1.97700000,1.97700000,1.96400000,1.96600000,10028.34000000,1770083999999999,19745.48669000,307,4541.72000000,8946.24583000,0
1770084000000000,1.96600000,1.96700000,1.94400000,1.94400000,31310.62000000,1770087599999999,61150.79129000,504,8618.23000000,16820.97472000,0
1770087600000000,1.94400000,1.97500000,1.94100000,1.97400000,27392.93000000,1770091199999999,53643.70353000,581,18562.30000000,36399.14140000,0
1770091200000000,1.97400000,1.99300000,1.97000000,1.98800000,24354.77000000,1770094799999999,48319.77280000,456,13984.40000000,27746.96521000,0
1770094800000000,1.98900000,1.99000000,1.97300000,1.97400000,19453.41000000,1770098399999999,38505.86498000,396,6562.37000000,12992.54269000,0
1770098400000000,1.97500000,1.98900000,1.96500000,1.98500000,27510.25000000,1770101999999999,54328.87516000,561,13979.01000000,27661.68497000,0
1770102000000000,1.98400000,2.00500000,1.98000000,1.99800000,37178.27000000,1770105599999999,74048.98431000,485,28123.41000000,56017.75863000,0
1770105600000000,2.00000000,2.01000000,1.99100000,1.99600000,48566.91000000,1770109199999999,97160.00087000,621,34892.25000000,69801.99333000,0
1770109200000000,1.99800000,2.00600000,1.97200000,1.99300000,116350.44000000,1770112799999999,231339.74496000,1560,69548.17000000,138295.89807000,0
1770112800000000,1.99200000,2.01700000,1.99200000,2.00800000,68796.06000000,1770116399999999,138036.31639000,1106,51158.93000000,102660.53961000,0
1770116400000000,2.00700000,2.00800000,1.98400000,2.00300000,95099.08000000,1770119999999999,190221.53696000,1023,49655.69000000,99347.93441000,0
1770120000000000,2.00100000,2.02900000,1.99600000,2.02400000,105531.37000000,1770123599999999,212750.38343000,1236,59078.45000000,119147.26566000,0
1770123600000000,2.02400000,2.02900000,2.00300000,2.01000000,69079.62000000,1770127199999999,139216.82923000,723,26330.10000000,52994.69066000,0
1770127200000000,2.01000000,2.01300000,1.96700000,1.96700000,112106.89000000,1770130799999999,222946.39256000,1333,46880.01000000,93308.80274000,0
1770130800000000,1.96700000,1.99900000,1.95900000,1.99600000,136549.76000000,1770134399999999,270350.40469000,1941,72219.50000000,143000.67083000,0
1770134400000000,1.99700000,1.99700000,1.96600000,1.96900000,101753.79000000,1770137999999999,201012.08381000,1180,45018.06000000,88948.56334000,0
1770138000000000,1.97000000,1.97300000,1.92900000,1.93000000,103995.31000000,1770141599999999,202495.22757000,1139,37919.22000000,73820.72783000,0
1770141600000000,1.93100000,1.93900000,1.88900000,1.89200000,172397.59000000,1770145199999999,329717.72538000,2040,75360.44000000,144117.29249000,0
1770145200000000,1.89100000,1.98900000,1.89000000,1.97900000,234980.08000000,1770148799999999,460295.06736000,2778,121531.09000000,237839.85873000,0
1770148800000000,1.97900000,2.04500000,1.96200000,2.04400000,241851.20000000,1770152399999999,487139.03783000,3600,137842.99000000,277312.95503000,0
1770152400000000,2.04300000,2.05300000,1.99900000,2.00000000,97180.76000000,1770155999999999,197224.47250000,1247,40755.00000000,82809.99069000,0
1770156000000000,2.00000000,2.00000000,1.97600000,1.98500000,67843.76000000,1770159599999999,134903.44636000,934,30273.22000000,60238.21273000,0
1770159600000000,1.98300000,2.04500000,1.96800000,2.03600000,239466.01000000,1770163199999999,482989.19191000,2567,106788.54000000,215467.00576000,0
1770163200000000,2.03400000,2.06100000,2.01500000,2.05800000,246205.59000000,1770166799999999,502817.00591000,2588,124002.32000000,253333.17117000,0
1770166800000000,2.06000000,2.08100000,2.05300000,2.07900000,162603.03000000,1770170399999999,336485.99689000,2304,77582.96000000,160593.19153000,0
1770170400000000,2.07800000,2.08600000,2.05300000,2.07300000,124760.97000000,1770173999999999,258319.87868000,1593,57772.33000000,119638.35173000,0
1770174000000000,2.07300000,2.10600000,2.07000000,2.08500000,176703.59000000,1770177599999999,368840.95337000,1970,85010.62000000,177464.61842000,0
1770177600000000,2.08600000,2.09800000,2.07900000,2.08100000,55195.86000000,1770181199999999,115303.97564000,692,28111.38000000,58749.29167000,0
1770181200000000,2.08100000,2.09000000,2.06900000,2.07200000,81606.21000000,1770184799999999,169710.24605000,802,39561.27000000,82264.39950000,0
1770184800000000,2.07200000,2.09500000,2.06100000,2.08800000,57545.60000000,1770188399999999,119531.09517000,752,30383.93000000,63228.64434000,0
1770188400000000,2.08900000,2.09700000,2.08300000,2.08300000,164323.28000000,1770191999999999,343389.85673000,1581,91136.85000000,190484.77882000,0
1770192000000000,2.08300000,2.09700000,2.07800000,2.08500000,171509.26000000,1770195599999999,357834.53388000,1604,79960.60000000,166944.31727000,0
1770195600000000,2.08300000,2.08500000,2.05600000,2.06300000,74862.10000000,1770199199999999,154872.63828000,922,25745.25000000,53257.23797000,0
1770199200000000,2.06300000,2.06500000,2.05100000,2.05200000,67227.80000000,1770202799999999,138328.74860000,660,27589.49000000,56773.38639000,0
1770202800000000,2.05200000,2.06300000,2.03900000,2.06200000,120212.71000000,1770206399999999,246317.74022000,1663,62619.64000000,128340.12238000,0
1770206400000000,2.06100000,2.06300000,2.04200000,2.04500000,64982.90000000,1770209999999999,133246.93617000,803,27765.99000000,56946.85449000,0
1770210000000000,2.04400000,2.05200000,2.02700000,2.03000000,109563.67000000,1770213599999999,223627.44812000,1408,53980.62000000,110235.33615000,0
1770213600000000,2.02800000,2.05800000,2.00900000,2.02600000,148284.82000000,1770217199999999,301423.83130000,2716,72057.36000000,146536.57757000,0
1770217200000000,2.02500000,2.05600000,2.01100000,2.01500000,208141.32000000,1770220799999999,422818.36048000,3449,87648.42000000,178221.08215000,0
1770220800000000,2.01500000,2.04100000,1.99300000,2.02700000,285305.09000000,1770224399999999,574798.53628000,4235,124760.27000000,251243.34886000,0
1770224400000000,2.02600000,2.03600000,2.00100000,2.00900000,162191.24000000,1770227999999999,327274.37868000,2517,78605.87000000,158704.49715000,0
1770228000000000,2.01000000,2.03800000,1.98200000,2.01300000,223131.26000000,1770231599999999,448075.49847000,3226,120949.22000000,243144.72963000,0
1770231600000000,2.01400000,2.03700000,1.99700000,2.03500000,118815.36000000,1770235199999999,239698.97085000,1849,66163.25000000,133668.46376000,0
1770235200000000,2.03500000,2.03500000,2.00300000,2.00300000,64273.60000000,1770238799999999,129567.06098000,878,21776.60000000,43989.46559000,0
1770238800000000,2.00400000,2.01900000,1.99500000,2.00300000,54717.40000000,1770242399999999,109730.75019000,811,24523.27000000,49229.81441000,0
1770242400000000,2.00300000,2.03800000,1.97600000,2.00300000,92342.08000000,1770245999999999,185551.76390000,1244,42679.85000000,85778.62649000,0
1770246000000000,2.00200000,2.00800000,1.98400000,1.99500000,99955.76000000,1770249599999999,199526.34755000,1518,61514.20000000,122766.60290000,0
1770249600000000,1.99500000,2.01600000,1.98400000,2.01100000,88617.77000000,1770253199999999,177325.48732000,1333,53245.83000000,106557.81089000,0
1770253200000000,2.01100000,2.05700000,2.00600000,2.01100000,236770.12000000,1770256799999999,479967.55223000,3747,128581.87000000,260735.57161000,0
1770256800000000,2.01100000,2.01900000,1.98500000,1.98700000,96817.46000000,1770260399999999,194098.76606000,1473,50933.45000000,102243.14842000,0
1770260400000000,1.98900000,2.00800000,1.98400000,1.99700000,96765.83000000,1770263999999999,193091.96890000,2185,57947.74000000,115671.36066000,0
1770264000000000,1.99700000,2.02300000,1.99000000,2.01800000,122505.41000000,1770267599999999,245706.77747000,2589,65872.10000000,132246.01418000,0
1770267600000000,2.01900000,2.04100000,1.99600000,2.02500000,169484.66000000,1770271199999999,341379.62280000,2294,84972.14000000,171258.11119000,0
1770271200000000,2.02600000,2.03100000,2.00000000,2.02400000,174090.34000000,1770274799999999,350998.04620000,2945,93420.63000000,188370.28688000,0
1770274800000000,2.02300000,2.04100000,2.00700000,2.01000000,141706.87000000,1770278399999999,286950.45454000,2311,77403.35000000,156758.79401000,0
1770278400000000,2.01200000,2.02700000,2.00800000,2.01500000,84167.49000000,1770281999999999,169676.22764000,1023,43507.91000000,87697.03108000,0
1770282000000000,2.01500000,2.03200000,2.00600000,2.01400000,105131.80000000,1770285599999999,212162.57942000,1512,56807.64000000,114703.67562000,0
1770285600000000,2.01500000,2.02800000,2.00500000,2.01000000,97396.74000000,1770289199999999,196350.95491000,1373,48917.88000000,98652.67133000,0
1770289200000000,2.01000000,2.01600000,1.94300000,1.97900000,344607.41000000,1770292799999999,678835.16558000,4916,172715.36000000,340214.91397000,0
1770292800000000,1.97900000,1.99400000,1.94100000,1.98200000,238404.50000000,1770296399999999,470320.01168000,3797,117575.51000000,231924.26136000,0
1770296400000000,1.98100000,2.00400000,1.97300000,1.99100000,171253.02000000,1770299999999999,340877.38171000,3084,86368.96000000,171908.70764000,0
1770300000000000,1.99100000,2.04800000,1.99000000,2.01100000,197131.63000000,1770303599999999,398850.49591000,3670,104495.68000000,211466.58925000,0
1770303600000000,2.01000000,2.01700000,1.90500000,1.90800000,576003.10000000,1770307199999999,1130385.92829000,9970,267298.07000000,524739.00635000,0
1770307200000000,1.90800000,1.96300000,1.87800000,1.92900000,416965.63000000,1770310799999999,801706.62764000,7073,211757.50000000,407576.83352000,0
1770310800000000,1.92700000,1.93800000,1.85200000,1.86500000,328499.37000000,1770314399999999,618706.74941000,6427,160245.11000000,301867.49014000,0
1770314400000000,1.86600000,1.91800000,1.84800000,1.91300000,279810.65000000,1770317999999999,525139.71427000,4481,156021.87000000,292813.05933000,0
1770318000000000,1.91400000,1.91900000,1.86400000,1.87300000,148496.86000000,1770321599999999,280585.10262000,2396,60301.69000000,113905.76637000,0
1770321600000000,1.87200000,1.88600000,1.77000000,1.80700000,725293.23000000,1770325199999999,1313520.57329000,14681,353282.14000000,640308.19119000,0
1770325200000000,1.80500000,1.85100000,1.78600000,1.81800000,466492.74000000,1770328799999999,848785.55498000,5852,254614.56000000,463456.66571000,0
1770328800000000,1.81800000,1.85000000,1.79400000,1.82300000,264122.19000000,1770332399999999,481650.69300000,3107,136301.95000000,248616.70844000,0
1770332400000000,1.82300000,1.86200000,1.80700000,1.81900000,201171.73000000,1770335999999999,369614.83558000,3202,94280.31000000,173334.19727000,0
1770336000000000,1.81900000,1.82600000,1.65400000,1.80600000,1053165.23000000,1770339599999999,1828146.97642000,23154,521800.89000000,906500.94046000,0
1770339600000000,1.80600000,1.82700000,1.78700000,1.82600000,353972.62000000,1770343199999999,639549.30494000,5797,185608.55000000,335467.00220000,0
1770343200000000,1.82700000,1.83700000,1.77200000,1.78100000,191280.09000000,1770346799999999,344428.55434000,2910,96844.77000000,174407.26989000,0
1770346800000000,1.78100000,1.80400000,1.77000000,1.79600000,116388.22000000,1770350399999999,208198.87454000,1872,60899.49000000,108963.71428000,0
1770350400000000,1.79700000,1.80800000,1.77700000,1.80500000,99712.55000000,1770353999999999,178749.34433000,1468,48766.75000000,87414.22398000,0
1770354000000000,1.80400000,1.84900000,1.80400000,1.84600000,107937.13000000,1770357599999999,197053.08522000,1677,57905.50000000,105726.57894000,0
1770357600000000,1.84700000,1.85600000,1.80800000,1.81100000,148559.16000000,1770361199999999,272368.48385000,2053,66916.04000000,122715.55733000,0
1770361200000000,1.81200000,1.83900000,1.80100000,1.82900000,101496.31000000,1770364799999999,184762.60446000,1489,47749.40000000,86943.14486000,0
1770364800000000,1.82900000,1.83600000,1.79900000,1.80900000,117525.91000000,1770368399999999,213376.11304000,1629,55840.78000000,101486.13533000,0
1770368400000000,1.80700000,1.84700000,1.79600000,1.84600000,168575.37000000,1770371999999999,306766.08900000,2537,94148.05000000,171239.79444000,0
1770372000000000,1.84600000,1.89800000,1.83800000,1.89400000,201862.77000000,1770375599999999,377777.58603000,2809,96635.27000000,180780.57778000,0
1770375600000000,1.89300000,1.89400000,1.86800000,1.87700000,201916.51000000,1770379199999999,379748.49965000,2417,93109.26000000,175121.46623000,0
1770379200000000,1.87700000,1.87700000,1.86100000,1.87200000,89575.25000000,1770382799999999,167348.75462000,1324,39299.54000000,73426.89869000,0
1770382800000000,1.87300000,1.90600000,1.86900000,1.89800000,130622.95000000,1770386399999999,246943.28049000,2016,75424.39000000,142610.70676000,0
1770386400000000,1.89700000,1.93200000,1.88000000,1.92500000,166497.63000000,1770389999999999,317570.70364000,2803,80708.20000000,153887.50376000,0
1770390000000000,1.92400000,1.92800000,1.90900000,1.92100000,90897.80000000,1770393599999999,174550.47550000,1629,44950.77000000,86330.36483000,0
1770393600000000,1.92300000,1.98100000,1.91800000,1.97500000,148205.43000000,1770397199999999,289513.18725000,2497,78352.61000000,153080.66164000,0
1770397200000000,1.97300000,2.01600000,1.96600000,1.99300000,142918.42000000,1770400799999999,285264.64219000,2417,76157.90000000,152072.05767000,0
1770400800000000,1.99500000,1.99800000,1.95200000,1.96300000,116111.10000000,1770404399999999,228366.86037000,1890,55283.09000000,108695.54302000,0
1770404400000000,1.96300000,1.96500000,1.93500000,1.95400000,141717.37000000,1770407999999999,276023.74332000,2064,58942.03000000,114916.41139000,0
1770408000000000,1.95400000,1.97300000,1.93900000,1.95800000,76531.75000000,1770411599999999,149872.52439000,1526,47303.78000000,92640.42640000,0
1770411600000000,1.95700000,1.99200000,1.95000000,1.98200000,75731.10000000,1770415199999999,149430.58164000,1158,29034.80000000,57297.36382000,0
1770415200000000,1.98200000,2.01200000,1.98200000,2.00500000,90126.28000000,1770418799999999,180369.97406000,1761,43408.86000000,86816.82319000,0
1770418800000000,2.00400000,2.00800000,1.98200000,1.98700000,33369.05000000,1770422399999999,66432.77483000,816,15399.88000000,30661.27925000,0
1770422400000000,1.98700000,1.99700000,1.97300000,1.98600000,68224.02000000,1770425999999999,135535.30690000,1283,32537.63000000,64657.99975000,0
1770426000000000,1.98500000,1.99800000,1.97200000,1.99000000,53917.03000000,1770429599999999,106937.95276000,1229,31787.28000000,63052.07921000,0
1770429600000000,1.98900000,2.00600000,1.98500000,1.99300000,32458.06000000,1770433199999999,64785.72960000,878,14831.15000000,29609.98876000,0
1770433200000000,1.99400000,2.02400000,1.99100000,2.01500000,136513.53000000,1770436799999999,274159.89003000,1989,74651.22000000,150002.67588000,0
1770436800000000,2.01500000,2.02200000,2.00500000,2.01000000,45073.44000000,1770440399999999,90803.12810000,1083,24764.42000000,49904.05880000,0
1770440400000000,2.01000000,2.02800000,1.99400000,1.99900000,75574.99000000,1770443999999999,152177.52333000,1427,29987.58000000,60350.90880000,0
1770444000000000,1.99900000,2.01700000,1.99000000,1.99100000,70159.90000000,1770447599999999,140860.74418000,1361,28153.65000000,56532.52996000,0
1770447600000000,1.99000000,1.99500000,1.94600000,1.95100000,140968.44000000,1770451199999999,277083.11301000,2777,61249.72000000,120445.29224000,0
1770451200000000,1.95100000,1.97900000,1.94500000,1.97600000,74476.20000000,1770454799999999,146120.01573000,1242,40170.54000000,78785.68581000,0
1770454800000000,1.97600000,1.98000000,1.95100000,1.95600000,51032.45000000,1770458399999999,100111.66085000,786,27180.41000000,53302.10302000,0
1770458400000000,1.95600000,1.95600000,1.93800000,1.94700000,27972.11000000,1770461999999999,54427.43262000,685,11078.11000000,21553.01019000,0
1770462000000000,1.94600000,1.94900000,1.92900000,1.93500000,104885.09000000,1770465599999999,202953.97171000,1213,61131.31000000,118279.43359000,0
1770465600000000,1.93300000,2.00900000,1.93200000,1.99300000,138894.72000000,1770469199999999,274691.17048000,3026,71843.16000000,142078.50464000,0
1770469200000000,1.99300000,1.99700000,1.97700000,1.98200000,33816.03000000,1770472799999999,67101.73938000,781,17017.63000000,33779.76476000,0
1770472800000000,1.98300000,1.98300000,1.95300000,1.95700000,43680.28000000,1770476399999999,85769.34001000,795,13150.36000000,25812.49516000,0
1770476400000000,1.95600000,1.99200000,1.95400000,1.99200000,58756.72000000,1770479999999999,116072.64781000,1299,40092.87000000,79229.97045000,0
1770480000000000,1.99200000,2.05000000,1.99000000,2.00200000,768824.59000000,1770483599999999,1556455.39430000,17804,358757.08000000,726512.99452000,0
1770483600000000,2.00300000,2.00800000,1.99400000,2.00400000,38603.43000000,1770487199999999,77230.21011000,890,20351.19000000,40723.05804000,0
1770487200000000,2.00400000,2.03400000,2.00300000,2.02300000,55858.70000000,1770490799999999,112670.98336000,1152,34549.76000000,69678.58232000,0
1770490800000000,2.02300000,2.02300000,1.99900000,2.00100000,29149.22000000,1770494399999999,58554.27390000,732,13192.86000000,26509.37732000,0
1770494400000000,2.00100000,2.01700000,2.00000000,2.01200000,51532.23000000,1770497999999999,103578.45591000,902,26473.70000000,53206.92903000,0
1770498000000000,2.01200000,2.01500000,1.99300000,1.99700000,54756.56000000,1770501599999999,109796.75402000,741,25330.68000000,50824.65289000,0
1770501600000000,1.99800000,2.00000000,1.99000000,1.99300000,21460.59000000,1770505199999999,42820.39006000,477,10934.18000000,21810.87133000,0
1770505200000000,1.99400000,1.99600000,1.98100000,1.98900000,37301.74000000,1770508799999999,74164.73008000,624,14752.38000000,29341.11213000,0
1770508800000000,1.99000000,1.99400000,1.98000000,1.99000000,18220.21000000,1770512399999999,36186.44556000,410,10252.74000000,20362.36880000,0
1770512400000000,1.99100000,1.99900000,1.98800000,1.99000000,30594.76000000,1770515999999999,60965.57126000,391,14664.46000000,29200.25748000,0
1770516000000000,1.99000000,1.99600000,1.97900000,1.98300000,43086.65000000,1770519599999999,85627.77480000,438,15920.07000000,31622.62394000,0
1770519600000000,1.98400000,1.99000000,1.97000000,1.97300000,44305.77000000,1770523199999999,87759.05956000,513,17674.75000000,35009.15833000,0
1770523200000000,1.97300000,1.98000000,1.96800000,1.97800000,19926.00000000,1770526799999999,39357.80803000,398,5902.68000000,11662.35029000,0
1770526800000000,1.97800000,1.98200000,1.97100000,1.97200000,22594.00000000,1770530399999999,44655.40545000,440,8682.04000000,17160.29838000,0
1770530400000000,1.97200000,1.97400000,1.96100000,1.96400000,44383.14000000,1770533999999999,87311.37548000,631,26102.97000000,51351.88417000,0
1770534000000000,1.96400000,1.96800000,1.95700000,1.96600000,26789.34000000,1770537599999999,52554.14280000,659,14809.48000000,29058.03738000,0
1770537600000000,1.96600000,2.00100000,1.96400000,1.98700000,78822.83000000,1770541199999999,156515.55976000,1387,45287.84000000,89919.39988000,0
1770541200000000,1.98700000,1.98800000,1.95500000,1.96300000,100862.72000000,1770544799999999,198757.28026000,1616,38624.60000000,76043.87365000,0
1770544800000000,1.96300000,1.96900000,1.95100000,1.96000000,34985.71000000,1770548399999999,68486.38359000,590,13214.97000000,25879.76418000,0
1770548400000000,1.96100000,1.98600000,1.96100000,1.98300000,62883.99000000,1770551999999999,124361.24145000,877,30918.29000000,61130.68238000,0
1770552000000000,1.98300000,1.98600000,1.97300000,1.98100000,27035.42000000,1770555599999999,53538.80527000,600,12324.33000000,24409.16424000,0
1770555600000000,1.98000000,1.98800000,1.97200000,1.98300000,44016.39000000,1770559199999999,87113.30876000,715,13174.96000000,26101.03407000,0
1770559200000000,1.98400000,1.99100000,1.97300000,1.98500000,56617.82000000,1770562799999999,112119.79113000,661,22022.45000000,43602.23757000,0
1770562800000000,1.98400000,1.98800000,1.96700000,1.96800000,59232.97000000,1770566399999999,117161.19641000,1128,23691.18000000,46859.62925000,0
1770566400000000,1.96700000,1.97600000,1.94100000,1.94600000,114548.96000000,1770569999999999,225028.40475000,1757,56301.56000000,110572.45266000,0
1770570000000000,1.94700000,1.96500000,1.94700000,1.95700000,41917.39000000,1770573599999999,82017.51960000,820,22653.39000000,44325.99672000,0
1770573600000000,1.95600000,1.98200000,1.95500000,1.97300000,39495.18000000,1770577199999999,77770.94053000,792,20832.95000000,41029.72694000,0
1770577200000000,1.97300000,1.98400000,1.97300000,1.98100000,27934.53000000,1770580799999999,55276.18808000,418,11898.04000000,23545.89824000,0
1770580800000000,1.98100000,1.98100000,1.96000000,1.96100000,13134.13000000,1770584399999999,25821.09012000,373,4063.83000000,7988.21281000,0
1770584400000000,1.96100000,1.96500000,1.94600000,1.95100000,30389.53000000,1770587999999999,59396.44954000,854,18091.99000000,35376.16775000,0
1770588000000000,1.95100000,1.95600000,1.94500000,1.95600000,21992.89000000,1770591599999999,42913.15551000,593,12253.59000000,23910.88090000,0
1770591600000000,1.95700000,1.99000000,1.93100000,1.95000000,106385.58000000,1770595199999999,208352.15807000,2361,50261.06000000,98552.90131000,0
1770595200000000,1.95000000,1.95400000,1.93900000,1.94800000,28841.56000000,1770598799999999,56133.19237000,748,13870.45000000,26999.90868000,0
1770598800000000,1.94700000,1.95700000,1.93200000,1.93900000,50824.75000000,1770602399999999,98656.89820000,1111,29731.04000000,57689.22435000,0
1770602400000000,1.93900000,1.96400000,1.93400000,1.95600000,20380.05000000,1770605999999999,39735.46869000,405,14154.04000000,27592.25417000,0
1770606000000000,1.95700000,1.97900000,1.95600000,1.97500000,16731.35000000,1770609599999999,32936.44230000,311,10799.67000000,21284.29811000,0
1770609600000000,1.97300000,1.97400000,1.95600000,1.95900000,17049.55000000,1770613199999999,33483.49907000,285,9441.54000000,18527.45694000,0
1770613200000000,1.95900000,1.97900000,1.95700000,1.97700000,53244.68000000,1770616799999999,104918.55707000,586,34147.10000000,67216.72433000,0
1770616800000000,1.97500000,1.97500000,1.95800000,1.96900000,33196.34000000,1770620399999999,65261.28156000,669,17810.54000000,35023.67410000,0
1770620400000000,1.96700000,1.97300000,1.96000000,1.96500000,69407.31000000,1770623999999999,136517.76046000,1234,34382.07000000,67679.82149000,0
1770624000000000,1.96400000,1.96900000,1.94400000,1.94700000,75546.75000000,1770627599999999,147977.32507000,1203,29620.24000000,58026.04047000,0
1770627600000000,1.94700000,1.94700000,1.92800000,1.93000000,54004.00000000,1770631199999999,104596.34636000,1413,24778.47000000,47996.56743000,0
1770631200000000,1.93000000,1.93600000,1.90200000,1.90300000,63963.65000000,1770634799999999,122633.39400000,1520,25378.94000000,48622.08653000,0
1770634800000000,1.90400000,1.91500000,1.90400000,1.91100000,54491.90000000,1770638399999999,104123.22690000,1216,28879.82000000,55174.55690000,0
1770638400000000,1.91200000,1.93100000,1.91100000,1.92800000,71853.01000000,1770641999999999,138185.07123000,1176,44293.12000000,85188.19694000,0
1770642000000000,1.92800000,1.94700000,1.92400000,1.92500000,54717.21000000,1770645599999999,106044.12479000,1294,28227.16000000,54732.42538000,0
1770645600000000,1.92500000,1.94800000,1.91400000,1.94400000,87947.97000000,1770649199999999,169849.80460000,2008,42400.57000000,81902.44535000,0
1770649200000000,1.94500000,1.97000000,1.93900000,1.96800000,92237.77000000,1770652799999999,180488.58059000,1603,60030.36000000,117500.43751000,0
1770652800000000,1.96800000,1.97200000,1.92700000,1.95600000,126334.31000000,1770656399999999,245774.74170000,1947,82279.75000000,159910.12666000,0
1770656400000000,1.95600000,1.98500000,1.94800000,1.97100000,80681.87000000,1770659999999999,158896.21413000,1397,46120.99000000,90903.50227000,0
1770660000000000,1.97200000,1.97900000,1.95300000,1.95800000,31309.10000000,1770663599999999,61488.90985000,802,11630.86000000,22862.98816000,0
1770663600000000,1.95800000,1.96400000,1.95100000,1.96100000,19436.00000000,1770667199999999,38041.10586000,482,9291.55000000,18190.32515000,0
1770667200000000,1.96000000,1.97100000,1.94900000,1.96800000,37259.27000000,1770670799999999,73146.92966000,847,21088.07000000,41427.84069000,0
1770670800000000,1.96800000,1.97400000,1.95000000,1.96800000,47341.09000000,1770674399999999,92826.93400000,869,26523.51000000,52028.15993000,0
1770674400000000,1.96800000,1.97800000,1.96500000,1.96800000,26210.98000000,1770677999999999,51648.88650000,593,16776.70000000,33070.68691000,0
1770678000000000,1.97000000,1.97200000,1.95900000,1.96000000,7106.65000000,1770681599999999,13949.78705000,205,1609.79000000,3163.34001000,0
1770681600000000,1.96000000,1.96400000,1.95500000,1.96200000,37965.67000000,1770685199999999,74372.03732000,844,16492.10000000,32316.00780000,0
1770685200000000,1.96200000,1.96900000,1.95900000,1.96500000,46516.47000000,1770688799999999,91320.75669000,912,18565.30000000,36463.58248000,0
1770688800000000,1.96600000,1.97300000,1.96100000,1.97300000,19939.19000000,1770692399999999,39196.48420000,475,8475.48000000,16670.97716000,0
1770692400000000,1.97300000,1.97400000,1.94000000,1.94600000,49766.53000000,1770695999999999,97182.83860000,947,17615.62000000,34387.20622000,0
1770696000000000,1.94500000,1.95400000,1.94400000,1.94900000,19531.79000000,1770699599999999,38058.39989000,356,7829.98000000,15255.92587000,0
1770699600000000,1.95000000,1.95000000,1.92800000,1.93000000,39732.92000000,1770703199999999,76984.78112000,822,19307.42000000,37430.26419000,0
1770703200000000,1.92900000,1.93000000,1.89900000,1.90500000,80082.37000000,1770706799999999,153487.96460000,1589,28417.32000000,54427.64421000,0
1770706800000000,1.90400000,1.92100000,1.90300000,1.91200000,40255.15000000,1770710399999999,76905.83551000,915,26540.66000000,50718.07584000,0
1770710400000000,1.91200000,1.91900000,1.90800000,1.91600000,54233.72000000,1770713999999999,103822.54179000,901,37834.19000000,72432.05719000,0
1770714000000000,1.91600000,1.92400000,1.90900000,1.91100000,69763.62000000,1770717599999999,133674.75351000,987,48930.90000000,93780.62090000,0
1770717600000000,1.91100000,1.91300000,1.90300000,1.90700000,41252.46000000,1770721199999999,78691.49416000,874,18426.77000000,35157.29131000,0
1770721200000000,1.90600000,1.91200000,1.90200000,1.90300000,51395.27000000,1770724799999999,98011.04919000,827,26133.57000000,49850.00321000,0
1770724800000000,1.90300000,1.90700000,1.89500000,1.89900000,20960.09000000,1770728399999999,39854.89164000,607,9675.06000000,18398.35592000,0
1770728400000000,1.89800000,1.91700000,1.89600000,1.91600000,54588.56000000,1770731999999999,104211.26040000,863,26102.45000000,49838.24083000,0
1770732000000000,1.91500000,1.93300000,1.91000000,1.92200000,72534.62000000,1770735599999999,139246.67478000,1440,43684.73000000,83886.99373000,0
1770735600000000,1.92000000,1.94400000,1.91200000,1.93800000,84610.55000000,1770739199999999,163577.19888000,1591,46329.79000000,89491.64523000,0
1770739200000000,1.93900000,1.94500000,1.92600000,1.93000000,41675.39000000,1770742799999999,80633.53425000,1064,24791.95000000,47967.90005000,0
1770742800000000,1.93000000,1.93900000,1.92400000,1.93100000,29603.12000000,1770746399999999,57205.94807000,894,16819.70000000,32506.22662000,0
1770746400000000,1.93100000,1.93400000,1.90400000,1.91400000,33171.07000000,1770749999999999,63579.55672000,1004,15140.07000000,29051.60687000,0
1770750000000000,1.91300000,1.92700000,1.91300000,1.92200000,26767.19000000,1770753599999999,51404.56037000,842,18583.25000000,35684.19649000,0
1770753600000000,1.92100000,1.92300000,1.91600000,1.91900000,21659.94000000,1770757199999999,41570.76511000,632,13301.43000000,25528.91988000,0
1770757200000000,1.91800000,1.92100000,1.91000000,1.91400000,18919.38000000,1770760799999999,36231.78172000,551,9279.86000000,17771.25488000,0
1770760800000000,1.91400000,1.93000000,1.91400000,1.92200000,20431.89000000,1770764399999999,39268.28263000,470,10803.83000000,20765.49461000,0
1770764400000000,1.92100000,1.92500000,1.91600000,1.92200000,20457.12000000,1770767999999999,39269.65662000,518,15060.45000000,28903.51708000,0
1770768000000000,1.92300000,1.93600000,1.92300000,1.93000000,29965.20000000,1770771599999999,57853.52434000,741,15815.73000000,30526.28840000,0
1770771600000000,1.93100000,1.93700000,1.92700000,1.93200000,21769.50000000,1770775199999999,42063.75717000,640,11539.76000000,22295.59910000,0
1770775200000000,1.93300000,1.93700000,1.92500000,1.92700000,22961.92000000,1770778799999999,44359.58824000,688,11820.21000000,22835.02746000,0
1770778800000000,1.92800000,1.93900000,1.91200000,1.93100000,48604.32000000,1770782399999999,93557.86422000,1023,25291.88000000,48725.50779000,0
1770782400000000,1.93000000,1.93300000,1.90800000,1.91100000,46945.46000000,1770785999999999,90114.91475000,908,14634.74000000,28089.17935000,0
1770786000000000,1.91100000,1.91900000,1.90600000,1.91200000,48138.77000000,1770789599999999,92059.24043000,867,24676.08000000,47183.71454000,0
1770789600000000,1.91100000,1.91500000,1.88100000,1.88300000,72215.25000000,1770793199999999,136764.00577000,1321,28171.74000000,53330.52632000,0
1770793200000000,1.88300000,1.88900000,1.87400000,1.87800000,67550.55000000,1770796799999999,127036.53070000,872,40638.26000000,76419.42899000,0
1770796800000000,1.87800000,1.88800000,1.87500000,1.88700000,50942.09000000,1770800399999999,95830.60247000,887,36018.21000000,67757.50031000,0
1770800400000000,1.88600000,1.89300000,1.87900000,1.88100000,90357.07000000,1770803999999999,170366.54532000,1086,41804.50000000,78871.73443000,0
1770804000000000,1.88200000,1.89800000,1.87800000,1.88100000,153016.96000000,1770807599999999,289195.68740000,1672,82665.74000000,156264.17159000,0
1770807600000000,1.88100000,1.90300000,1.88100000,1.89900000,61732.13000000,1770811199999999,117067.69866000,927,28728.95000000,54468.26774000,0
1770811200000000,1.89900000,1.91900000,1.89400000,1.91500000,45920.56000000,1770814799999999,87448.69949000,978,27713.68000000,52774.42869000,0
1770814800000000,1.91600000,1.94300000,1.90700000,1.94000000,117027.56000000,1770818399999999,225158.44454000,1999,61419.49000000,118193.38436000,0
1770818400000000,1.94100000,2.00900000,1.91200000,1.91600000,352519.19000000,1770821999999999,693886.27947000,4957,157024.45000000,309651.71378000,0
1770822000000000,1.91600000,1.92400000,1.88900000,1.92000000,111699.35000000,1770825599999999,213140.22961000,2594,56775.23000000,108368.55598000,0
1770825600000000,1.92100000,1.94800000,1.91100000,1.91100000,82020.72000000,1770829199999999,158323.20984000,1501,43996.95000000,84888.99483000,0
1770829200000000,1.91000000,1.93200000,1.89200000,1.91200000,71471.91000000,1770832799999999,136583.68000000,1295,34279.65000000,65564.32340000,0
1770832800000000,1.91200000,1.93900000,1.90800000,1.92900000,50727.58000000,1770836399999999,97799.59873000,1145,32332.72000000,62348.70410000,0
1770836400000000,1.93000000,1.94200000,1.92400000,1.93100000,37092.44000000,1770839999999999,71735.92222000,1000,16927.86000000,32744.44550000,0
1770840000000000,1.93000000,1.94100000,1.92000000,1.93500000,36211.13000000,1770843599999999,69892.89358000,640,16045.41000000,30986.21309000,0
1770843600000000,1.93600000,1.95600000,1.93300000,1.94600000,68728.09000000,1770847199999999,133821.83475000,1370,41881.58000000,81551.35715000,0
1770847200000000,1.94700000,1.96500000,1.94000000,1.94300000,62682.08000000,1770850799999999,122506.48375000,1006,25436.07000000,49735.00592000,0
1770850800000000,1.94300000,1.94800000,1.92800000,1.94500000,36289.79000000,1770854399999999,70270.41519000,879,19316.08000000,37433.04567000,0
1770854400000000,1.94600000,1.96100000,1.94500000,1.95200000,36779.85000000,1770857999999999,71820.87682000,910,15030.29000000,29339.90590000,0
1770858000000000,1.95200000,1.96600000,1.95100000,1.95600000,21991.26000000,1770861599999999,43062.23826000,530,13397.22000000,26244.23413000,0
1770861600000000,1.95600000,1.96400000,1.95100000,1.95500000,12806.50000000,1770865199999999,25060.32453000,319,7424.38000000,14523.71546000,0
1770865200000000,1.95500000,1.97900000,1.95500000,1.97800000,33690.97000000,1770868799999999,66454.65641000,548,23302.20000000,45955.77567000,0
1770868800000000,1.97700000,1.98200000,1.96400000,1.96600000,44921.71000000,1770872399999999,88527.00276000,783,24996.01000000,49256.20848000,0
1770872400000000,1.96700000,1.97400000,1.96100000,1.96600000,45166.43000000,1770875999999999,88861.12494000,737,16970.59000000,33371.92045000,0
1770876000000000,1.96700000,1.98300000,1.96400000,1.98000000,21417.74000000,1770879599999999,42352.83967000,485,11331.89000000,22420.86709000,0
1770879600000000,1.98100000,1.99800000,1.97200000,1.99600000,44300.17000000,1770883199999999,87978.38398000,1000,21524.71000000,42769.57435000,0
1770883200000000,1.99700000,2.01700000,1.99600000,2.00900000,65503.67000000,1770886799999999,131368.38606000,1285,33919.87000000,68008.63388000,0
1770886800000000,2.00900000,2.01400000,1.98900000,1.99400000,91721.70000000,1770890399999999,183465.93078000,1579,45306.52000000,90614.31516000,0
1770890400000000,1.99400000,1.99900000,1.98500000,1.99900000,74696.13000000,1770893999999999,148693.99443000,1270,42165.93000000,83965.27113000,0
1770894000000000,1.99900000,2.00400000,1.98400000,1.98800000,66222.21000000,1770897599999999,132052.60795000,1397,32910.85000000,65654.52639000,0
1770897600000000,1.98800000,1.99200000,1.96400000,1.97000000,70955.99000000,1770901199999999,140294.30488000,1282,27757.89000000,54864.75389000,0
1770901200000000,1.97000000,1.97800000,1.96500000,1.97600000,52474.65000000,1770904799999999,103425.17978000,1542,33387.47000000,65810.33303000,0
1770904800000000,1.97600000,1.97600000,1.95900000,1.96600000,53680.01000000,1770908399999999,105433.54659000,1493,23405.19000000,45970.20052000,0
1770908400000000,1.96700000,1.99400000,1.95500000,1.97000000,131590.73000000,1770911999999999,259990.77248000,2309,58866.47000000,116399.02858000,0
1770912000000000,1.97100000,1.97400000,1.93000000,1.93800000,82362.69000000,1770915599999999,160490.89488000,1905,29973.76000000,58417.34735000,0
1770915600000000,1.93900000,1.95500000,1.92900000,1.93700000,30059.61000000,1770919199999999,58351.91506000,856,17016.20000000,33043.33012000,0
1770919200000000,1.93800000,1.95300000,1.93600000,1.94700000,39185.55000000,1770922799999999,76267.23115000,664,11805.04000000,22988.15298000,0
1770922800000000,1.94700000,1.97100000,1.93900000,1.94900000,122883.51000000,1770926399999999,240074.70520000,1281,45756.34000000,89642.36523000,0
1770926400000000,1.95000000,1.95200000,1.93200000,1.93400000,17041.97000000,1770929999999999,33085.89502000,426,5097.97000000,9902.53593000,0
1770930000000000,1.93600000,1.95100000,1.93400000,1.94700000,20138.68000000,1770933599999999,39125.12005000,474,7872.23000000,15295.87497000,0
1770933600000000,1.94800000,1.97000000,1.94300000,1.96900000,52299.19000000,1770937199999999,102363.46854000,733,33494.65000000,65569.89605000,0
1770937200000000,1.97000000,1.97600000,1.96100000,1.96800000,59224.96000000,1770940799999999,116593.23103000,1079,41028.75000000,80771.47972000,0
1770940800000000,1.96800000,1.98100000,1.95500000,1.96300000,58748.51000000,1770944399999999,115890.24197000,1113,27966.96000000,55191.92678000,0
1770944400000000,1.96200000,1.96800000,1.96100000,1.96300000,25340.87000000,1770947999999999,49788.20891000,391,21604.93000000,42449.67030000,0
1770948000000000,1.96400000,1.97300000,1.96100000,1.96900000,58661.95000000,1770951599999999,115513.03302000,604,37933.01000000,74696.58869000,0
1770951600000000,1.96900000,1.97300000,1.95800000,1.96500000,35124.19000000,1770955199999999,68935.83755000,496,23154.99000000,45436.06207000,0
1770955200000000,1.96500000,1.96500000,1.95600000,1.95900000,13015.62000000,1770958799999999,25510.14658000,329,4727.65000000,9265.46008000,0
1770958800000000,1.96000000,1.96600000,1.95600000,1.95700000,10043.25000000,1770962399999999,19693.19433000,277,5328.13000000,10448.01485000,0
1770962400000000,1.95600000,1.97800000,1.95300000,1.97400000,25597.35000000,1770965999999999,50298.59864000,380,14492.91000000,28497.78698000,0
1770966000000000,1.97500000,1.99100000,1.97500000,1.98000000,35742.43000000,1770969599999999,70932.98032000,570,17893.63000000,35503.48319000,0
1770969600000000,1.98000000,2.00000000,1.98000000,1.99400000,75623.31000000,1770973199999999,150652.25867000,931,25997.71000000,51825.68804000,0
1770973200000000,1.99400000,2.00000000,1.98600000,1.99800000,20269.70000000,1770976799999999,40456.10088000,503,8672.29000000,17312.15555000,0
1770976800000000,1.99900000,2.02800000,1.99800000,2.02000000,127559.00000000,1770980399999999,257311.64989000,1697,75511.78000000,152200.62947000,0
1770980400000000,2.02100000,2.03200000,2.01800000,2.02600000,73005.50000000,1770983999999999,147870.31220000,1092,33423.58000000,67721.24542000,0
1770984000000000,2.02500000,2.02600000,2.00400000,2.01400000,69939.09000000,1770987599999999,140853.63087000,718,23806.42000000,47847.99770000,0
1770987600000000,2.01400000,2.03900000,2.01200000,2.02700000,69956.14000000,1770991199999999,141914.94531000,1182,40627.06000000,82447.59891000,0
1770991200000000,2.02800000,2.03400000,2.01100000,2.02000000,92203.34000000,1770994799999999,186401.67252000,1428,58377.36000000,118031.55045000,0
1770994800000000,2.02100000,2.08000000,2.02100000,2.06100000,181497.59000000,1770998399999999,374011.73680000,3268,109800.91000000,226219.04077000,0
1770998400000000,2.06100000,2.08800000,2.05900000,2.08200000,77376.10000000,1771001999999999,160308.43636000,1606,54894.79000000,113716.01782000,0
1771002000000000,2.08300000,2.09800000,2.07200000,2.08200000,98191.71000000,1771005599999999,205019.95198000,1608,53680.29000000,112116.88482000,0
1771005600000000,2.08200000,2.08300000,2.06600000,2.07600000,66019.74000000,1771009199999999,136937.49536000,1034,19742.71000000,40997.98235000,0
1771009200000000,2.07500000,2.08800000,2.06700000,2.08500000,70857.13000000,1771012799999999,147174.84181000,766,34692.47000000,72178.31757000,0
1771012800000000,2.08400000,2.09400000,2.08000000,2.09200000,23430.87000000,1771016399999999,48911.41419000,539,13029.31000000,27201.75181000,0
1771016400000000,2.09300000,2.11500000,2.09300000,2.11200000,58737.99000000,1771019999999999,123591.90702000,790,34213.68000000,71953.10859000,0
1771020000000000,2.11300000,2.12900000,2.10300000,2.10600000,52021.48000000,1771023599999999,110103.58570000,839,26046.29000000,55160.72644000,0
1771023600000000,2.10700000,2.12400000,2.10500000,2.12200000,27359.78000000,1771027199999999,57950.23484000,533,10979.94000000,23251.04908000,0
1771027200000000,2.12200000,2.13000000,2.11000000,2.12300000,52646.06000000,1771030799999999,111623.01703000,978,27314.22000000,57894.13230000,0
1771030800000000,2.12300000,2.13500000,2.12100000,2.13400000,24431.14000000,1771034399999999,51987.20056000,641,13085.19000000,27860.02496000,0
1771034400000000,2.13300000,2.14000000,2.12800000,2.13000000,17206.98000000,1771037999999999,36743.83336000,544,11356.20000000,24249.19574000,0
1771038000000000,2.12900000,2.13800000,2.12600000,2.13300000,19548.11000000,1771041599999999,41694.45238000,451,10986.90000000,23429.85483000,0
1771041600000000,2.13400000,2.13500000,2.12400000,2.12600000,19622.92000000,1771045199999999,41793.67726000,374,9947.59000000,21191.17935000,0
1771045200000000,2.12600000,2.13000000,2.12300000,2.12600000,12352.80000000,1771048799999999,26281.34285000,355,8718.50000000,18550.09110000,0
1771048800000000,2.12500000,2.12500000,2.11100000,2.11300000,26159.47000000,1771052399999999,55390.45367000,559,12810.40000000,27111.67951000,0
1771052400000000,2.11300000,2.12000000,2.11100000,2.11600000,12832.86000000,1771055999999999,27142.88753000,457,5503.52000000,11642.34299000,0
1771056000000000,2.11600000,2.13600000,2.11600000,2.13200000,22819.64000000,1771059599999999,48589.32855000,538,12982.15000000,27644.57325000,0
1771059600000000,2.13200000,2.14000000,2.12900000,2.13800000,22421.56000000,1771063199999999,47870.71075000,380,15305.66000000,32678.03060000,0
1771063200000000,2.13700000,2.13700000,2.12200000,2.12200000,10301.85000000,1771066799999999,21918.29744000,291,4982.91000000,10599.81784000,0
1771066800000000,2.12300000,2.14900000,2.12300000,2.14100000,41422.17000000,1771070399999999,88634.60425000,771,19917.14000000,42608.12533000,0
1771070400000000,2.14000000,2.14700000,2.13400000,2.14000000,33781.03000000,1771073999999999,72295.56165000,693,12086.81000000,25878.69554000,0
1771074000000000,2.14100000,2.14900000,2.13000000,2.14000000,37114.98000000,1771077599999999,79444.35537000,669,19705.52000000,42198.05852000,0
1771077600000000,2.13900000,2.17000000,2.13300000,2.16800000,53804.57000000,1771081199999999,115902.97690000,1110,32099.21000000,69174.64965000,0
1771081200000000,2.16800000,2.17300000,2.15800000,2.17200000,28215.31000000,1771084799999999,61083.66040000,612,14028.52000000,30383.43821000,0
1771084800000000,2.17200000,2.18000000,2.16300000,2.17900000,40266.72000000,1771088399999999,87507.62718000,906,25473.19000000,55372.01072000,0
1771088400000000,2.17900000,2.19200000,2.17200000,2.17200000,34699.83000000,1771091999999999,75704.14951000,929,21499.87000000,46925.75285000,0
1771092000000000,2.17100000,2.18800000,2.17000000,2.18500000,18426.63000000,1771095599999999,40184.27302000,529,6822.40000000,14885.62743000,0
1771095600000000,2.18500000,2.22100000,2.18000000,2.20900000,55085.21000000,1771099199999999,121366.98367000,1562,34704.61000000,76401.23471000,0
1771099200000000,2.21100000,2.21400000,2.19200000,2.19900000,46611.91000000,1771102799999999,102573.64543000,999,18742.22000000,41269.18683000,0
1771102800000000,2.19700000,2.20900000,2.18400000,2.18900000,41647.78000000,1771106399999999,91340.88374000,897,19452.21000000,42706.38863000,0
1771106400000000,2.18800000,2.20500000,2.18600000,2.19400000,26151.99000000,1771109999999999,57469.42835000,521,14079.85000000,30960.60013000,0
1771110000000000,2.19300000,2.19700000,2.17500000,2.18600000,51658.97000000,1771113599999999,112848.84309000,1186,20833.53000000,45496.07808000,0
1771113600000000,2.18600000,2.18700000,2.15300000,2.16600000,79790.80000000,1771117199999999,172866.31195000,1977,39516.90000000,85624.16399000,0
1771117200000000,2.16600000,2.18500000,2.15500000,2.16400000,119600.83000000,1771120799999999,259374.15671000,2275,47577.85000000,103177.35373000,0
1771120800000000,2.16300000,2.17200000,2.14800000,2.16600000,47032.40000000,1771124399999999,101680.73445000,1275,21721.05000000,46971.92123000,0
1771124400000000,2.16500000,2.17800000,2.14100000,2.17700000,63487.73000000,1771127999999999,137116.51855000,1440,37851.11000000,81804.33814000,0
1771128000000000,2.17700000,2.19800000,2.17600000,2.18400000,51477.54000000,1771131599999999,112491.51907000,1426,31617.91000000,69101.68988000,0
1771131600000000,2.18400000,2.20800000,2.18300000,2.20000000,72549.99000000,1771135199999999,159614.19746000,978,54517.49000000,119960.97761000,0
1771135200000000,2.20000000,2.20800000,2.19400000,2.20600000,14580.69000000,1771138799999999,32080.71785000,468,6902.40000000,15188.21381000,0
1771138800000000,2.20600000,2.22500000,2.20400000,2.21200000,36900.78000000,1771142399999999,81690.07231000,1010,21205.32000000,46939.74004000,0
1771142400000000,2.21300000,2.21600000,2.17700000,2.18100000,39703.06000000,1771145999999999,87075.76183000,1082,19349.06000000,42474.78438000,0
1771146000000000,2.18000000,2.19000000,2.17100000,2.17400000,39642.17000000,1771149599999999,86274.07918000,800,25613.00000000,55731.02093000,0
1771149600000000,2.17400000,2.17500000,2.14600000,2.16600000,51466.26000000,1771153199999999,111082.89547000,1048,18912.76000000,40830.24658000,0
1771153200000000,2.16700000,2.17100000,2.16000000,2.16600000,44112.25000000,1771156799999999,95524.62515000,780,22888.73000000,49592.77559000,0
1771156800000000,2.16500000,2.16800000,2.10800000,2.10800000,119552.27000000,1771160399999999,255228.07816000,2086,50532.12000000,107954.53631000,0
1771160400000000,2.10800000,2.13000000,2.09600000,2.10400000,110172.99000000,1771163999999999,233010.92286000,2058,37386.11000000,79177.27503000,0
1771164000000000,2.10500000,2.12400000,2.10300000,2.11900000,76433.01000000,1771167599999999,161706.98515000,1171,40123.82000000,84887.39471000,0
1771167600000000,2.11900000,2.13000000,2.11700000,2.12900000,42306.38000000,1771171199999999,89862.67313000,911,29664.54000000,63029.15652000,0
1771171200000000,2.12900000,2.13500000,2.11900000,2.13200000,41844.04000000,1771174799999999,89053.59670000,784,14350.73000000,30542.56343000,0
1771174800000000,2.13200000,2.13300000,2.10000000,2.11800000,55178.91000000,1771178399999999,116789.65126000,1259,24480.13000000,51838.44985000,0
1771178400000000,2.11800000,2.12600000,2.10400000,2.11100000,31400.49000000,1771181999999999,66405.90640000,716,9469.34000000,20039.40717000,0
1771182000000000,2.11100000,2.12700000,2.10200000,2.12400000,51023.42000000,1771185599999999,107976.67783000,1314,29692.24000000,62872.08161000,0
1771185600000000,2.12300000,2.13000000,2.11400000,2.11800000,38360.80000000,1771189199999999,81432.17179000,830,22010.90000000,46731.63221000,0
1771189200000000,2.11900000,2.12600000,2.11700000,2.11800000,16587.76000000,1771192799999999,35176.88849000,368,6677.96000000,14168.49857000,0
1771192800000000,2.11800000,2.12700000,2.11600000,2.12700000,9650.33000000,1771196399999999,20473.16884000,236,6333.91000000,13440.22669000,0
1771196400000000,2.12700000,2.14200000,2.11500000,2.13700000,29183.66000000,1771199999999999,62254.28258000,501,12129.38000000,25878.85132000,0
1771200000000000,2.13800000,2.14900000,2.12900000,2.13400000,29835.47000000,1771203599999999,63819.09030000,465,14559.26000000,31158.66448000,0
1771203600000000,2.13400000,2.14300000,2.12700000,2.13200000,18942.51000000,1771207199999999,40411.27764000,393,13119.41000000,27992.02969000,0
1771207200000000,2.13100000,2.13600000,2.12600000,2.13400000,7541.97000000,1771210799999999,16073.95209000,243,3768.40000000,8031.19003000,0
1771210800000000,2.13400000,2.14600000,2.13300000,2.14500000,8905.40000000,1771214399999999,19065.69590000,301,5804.26000000,12431.61306000,0
1771214400000000,2.14400000,2.15600000,2.14400000,2.14600000,22499.86000000,1771217999999999,48397.94678000,513,13362.02000000,28743.02255000,0
1771218000000000,2.14600000,2.14900000,2.11300000,2.11400000,41775.11000000,1771221599999999,88775.29241000,714,11268.93000000,23940.14901000,0
1771221600000000,2.11400000,2.14300000,2.11400000,2.13800000,89793.05000000,1771225199999999,191407.00608000,1131,55824.63000000,119098.77617000,0
1771225200000000,2.13700000,2.13900000,2.12600000,2.13400000,19006.29000000,1771228799999999,40525.06294000,568,10346.59000000,22067.42990000,0
1771228800000000,2.13400000,2.15300000,2.13200000,2.14600000,68568.16000000,1771232399999999,147086.86367000,916,36133.36000000,77512.61159000,0
1771232400000000,2.14600000,2.16000000,2.14100000,2.15300000,54445.59000000,1771235999999999,117031.28556000,829,36788.30000000,79082.58888000,0
1771236000000000,2.15200000,2.16600000,2.15100000,2.15700000,85652.33000000,1771239599999999,184875.76875000,1055,36462.40000000,78698.53843000,0
1771239600000000,2.15700000,2.18600000,2.15000000,2.18500000,194908.80000000,1771243199999999,422438.83710000,2647,86035.93000000,186487.68711000,0
1771243200000000,2.18500000,2.24500000,2.17800000,2.23200000,346442.16000000,1771246799999999,765684.03194000,4761,197692.32000000,436888.74256000,0
1771246800000000,2.23300000,2.25800000,2.19200000,2.19900000,278274.15000000,1771250399999999,617504.10502000,3993,116206.40000000,258378.33821000,0
1771250400000000,2.19800000,2.21600000,2.19100000,2.19300000,147384.71000000,1771253999999999,324570.54780000,2175,61613.27000000,135795.40809000,0
1771254000000000,2.19200000,2.20800000,2.16500000,2.19500000,159346.91000000,1771257599999999,348402.97273000,2883,62422.16000000,136447.05717000,0
1771257600000000,2.19600000,2.24700000,2.19600000,2.22400000,208820.82000000,1771261199999999,464692.74805000,4166,112604.85000000,250656.35914000,0
1771261200000000,2.22300000,2.23300000,2.20100000,2.21800000,70653.65000000,1771264799999999,156527.33782000,1538,36440.20000000,80755.22302000,0
1771264800000000,2.21800000,2.23500000,2.21500000,2.22300000,83676.87000000,1771268399999999,186223.25170000,1302,33579.86000000,74762.04764000,0
1771268400000000,2.22300000,2.26500000,2.22200000,2.26200000,108643.08000000,1771271999999999,244123.47504000,1907,70918.31000000,159523.13967000,0
1771272000000000,2.26200000,2.28300000,2.22700000,2.23600000,347975.34000000,1771275599999999,785255.17741000,5145,176236.50000000,398035.58246000,0
1771275600000000,2.23500000,2.27900000,2.23000000,2.27800000,91774.52000000,1771279199999999,206937.94171000,1604,56327.68000000,127107.22448000,0
1771279200000000,2.27700000,2.32200000,2.27300000,2.31200000,230335.23000000,1771282799999999,529567.68159000,3960,118068.71000000,271572.28058000,0
1771282800000000,2.31100000,2.31100000,2.28400000,2.29200000,51086.71000000,1771286399999999,117206.13482000,1277,19934.14000000,45724.16798000,0
1771286400000000,2.29400000,2.30900000,2.26900000,2.27400000,133935.04000000,1771289999999999,306966.17902000,2561,67074.96000000,153911.85341000,0
1771290000000000,2.27400000,2.30900000,2.27000000,2.27100000,89748.61000000,1771293599999999,205643.03096000,1536,44458.23000000,101986.72996000,0
1771293600000000,2.27000000,2.27900000,2.25700000,2.27600000,34997.06000000,1771297199999999,79316.04544000,851,12741.41000000,28899.18227000,0
1771297200000000,2.27700000,2.28200000,2.27100000,2.27700000,20062.01000000,1771300799999999,45678.89099000,453,8554.69000000,19483.78685000,0
1771300800000000,2.27600000,2.30000000,2.27300000,2.29100000,42471.83000000,1771304399999999,97137.41222000,819,23600.11000000,54004.64235000,0
1771304400000000,2.29300000,2.29500000,2.26300000,2.28200000,57713.93000000,1771307999999999,131550.21036000,1117,20735.54000000,47251.10522000,0
1771308000000000,2.28300000,2.30100000,2.28300000,2.29400000,47663.24000000,1771311599999999,109323.52295000,777,25217.76000000,57826.81849000,0
1771311600000000,2.29400000,2.30900000,2.27000000,2.27000000,79976.02000000,1771315199999999,183192.15052000,1383,24972.30000000,57262.49583000,0
1771315200000000,2.27100000,2.27400000,2.24600000,2.25800000,75299.22000000,1771318799999999,170145.98057000,1461,33377.21000000,75424.12810000,0
1771318800000000,2.25700000,2.26300000,2.24300000,2.25800000,89821.91000000,1771322399999999,202586.74540000,1189,41195.48000000,92939.45338000,0
1771322400000000,2.25900000,2.26000000,2.22300000,2.23200000,61340.40000000,1771325999999999,137166.17172000,1230,24034.80000000,53701.06360000,0
1771326000000000,2.23200000,2.24500000,2.22900000,2.24100000,67446.09000000,1771329599999999,150783.86314000,987,35372.87000000,79079.48229000,0
1771329600000000,2.24000000,2.26400000,2.23800000,2.25500000,68831.83000000,1771333199999999,155069.23132000,1057,42441.67000000,95598.62611000,0
1771333200000000,2.25600000,2.31700000,2.25600000,2.30400000,345029.70000000,1771336799999999,790814.38497000,4900,181424.57000000,415776.46035000,0
1771336800000000,2.30400000,2.30400000,2.25100000,2.25200000,170400.59000000,1771340399999999,388608.38057000,3096,65284.42000000,148787.93754000,0
1771340400000000,2.25300000,2.30000000,2.24400000,2.28300000,181916.40000000,1771343999999999,413346.96391000,3490,96073.57000000,218262.50284000,0
1771344000000000,2.28300000,2.33200000,2.26200000,2.26500000,171320.98000000,1771347599999999,393771.96772000,3658,74770.28000000,172097.59128000,0
1771347600000000,2.26400000,2.26800000,2.24000000,2.24900000,92786.51000000,1771351199999999,209022.36087000,1748,41053.11000000,92503.58358000,0
1771351200000000,2.24800000,2.27500000,2.24200000,2.26500000,82902.59000000,1771354799999999,187310.42975000,2297,47616.56000000,107588.92145000,0
1771354800000000,2.26600000,2.26600000,2.23600000,2.23800000,61076.83000000,1771358399999999,137445.45541000,1368,28884.38000000,65047.66330000,0
1771358400000000,2.23800000,2.24900000,2.22800000,2.23400000,54374.09000000,1771361999999999,121605.46684000,1578,33952.92000000,75923.91302000,0
1771362000000000,2.23400000,2.24100000,2.22600000,2.23100000,36613.95000000,1771365599999999,81712.82286000,1013,26425.73000000,58969.73843000,0
1771365600000000,2.23000000,2.25000000,2.22400000,2.23900000,28970.82000000,1771369199999999,64755.58063000,987,18090.27000000,40427.81282000,0
1771369200000000,2.23900000,2.24300000,2.22500000,2.24200000,22852.38000000,1771372799999999,51094.86038000,652,11849.16000000,26502.28840000,0
1771372800000000,2.24100000,2.25200000,2.21200000,2.21700000,94569.68000000,1771376399999999,210786.23651000,1329,38950.89000000,86954.01534000,0
1771376400000000,2.21700000,2.23900000,2.21500000,2.23500000,49665.68000000,1771379999999999,110515.39697000,790,22309.36000000,49635.07689000,0
1771380000000000,2.23600000,2.28500000,2.23600000,2.27800000,75230.50000000,1771383599999999,170508.36914000,1949,41625.00000000,94292.93981000,0
1771383600000000,2.27700000,2.28200000,2.26400000,2.27700000,26331.88000000,1771387199999999,59866.92750000,705,11798.77000000,26825.61351000,0
1771387200000000,2.27800000,2.28100000,2.27000000,2.27200000,20360.37000000,1771390799999999,46349.10721000,567,9751.60000000,22200.73668000,0
1771390800000000,2.27400000,2.29700000,2.27400000,2.29300000,29697.64000000,1771394399999999,67921.15058000,914,17146.08000000,39225.92808000,0
1771394400000000,2.29400000,2.30900000,2.28000000,2.28600000,64662.47000000,1771397999999999,148384.23955000,1344,36013.97000000,82639.25221000,0
1771398000000000,2.28700000,2.31300000,2.28700000,2.30300000,124720.66000000,1771401599999999,287262.86441000,1756,80826.67000000,186111.99783000,0
1771401600000000,2.30300000,2.30700000,2.29100000,2.30000000,42991.41000000,1771405199999999,98804.23220000,915,24824.88000000,57054.10809000,0
1771405200000000,2.30000000,2.33800000,2.29600000,2.31700000,166489.80000000,1771408799999999,385650.30429000,2676,88538.19000000,204944.91750000,0
1771408800000000,2.31600000,2.31800000,2.28500000,2.29500000,130654.36000000,1771412399999999,300374.72536000,2027,62074.54000000,142666.56414000,0
1771412400000000,2.29400000,2.30600000,2.28100000,2.30300000,92406.82000000,1771415999999999,212224.30601000,1333,46767.10000000,107497.06831000,0
1771416000000000,2.30300000,2.30500000,2.27900000,2.28300000,62620.52000000,1771419599999999,143504.18894000,980,26804.37000000,61453.19716000,0
1771419600000000,2.28200000,2.36200000,2.27500000,2.35600000,328596.38000000,1771423199999999,764172.22366000,5688,154951.34000000,360402.39619000,0
1771423200000000,2.35500000,2.38700000,2.33400000,2.36500000,576477.08000000,1771426799999999,1364259.62236000,9672,320665.12000000,758964.04707000,0
1771426800000000,2.36600000,2.44800000,2.36400000,2.43500000,363766.85000000,1771430399999999,877393.42468000,7145,167928.89000000,405156.87204000,0
1771430400000000,2.43500000,2.51200000,2.42500000,2.46400000,465333.51000000,1771433999999999,1146898.79184000,8965,222449.52000000,548738.90434000,0
1771434000000000,2.46400000,2.50800000,2.42800000,2.45000000,256609.41000000,1771437599999999,632491.79638000,5894,120235.46000000,296641.77790000,0
1771437600000000,2.45100000,2.46800000,2.40100000,2.40100000,143029.70000000,1771441199999999,348137.34067000,3278,67908.54000000,165465.75180000,0
1771441200000000,2.40100000,2.41000000,2.36400000,2.38100000,117628.14000000,1771444799999999,280422.31827000,2674,56116.19000000,133821.77378000,0
1771444800000000,2.38100000,2.43200000,2.38000000,2.39000000,217303.53000000,1771448399999999,522839.41191000,3946,105546.27000000,254204.69322000,0
1771448400000000,2.39100000,2.39200000,2.34700000,2.35000000,99211.75000000,1771451999999999,235090.26156000,2201,37437.91000000,88685.53863000,0
1771452000000000,2.35100000,2.35300000,2.31900000,2.32400000,80215.32000000,1771455599999999,187046.81237000,1924,25946.49000000,60495.63567000,0
1771455600000000,2.32300000,2.34600000,2.30200000,2.34600000,100131.15000000,1771459199999999,232535.94855000,2847,47459.58000000,110365.97546000,0
1771459200000000,2.34600000,2.35500000,2.31500000,2.31600000,73984.03000000,1771462799999999,172487.04864000,1719,28948.71000000,67547.75155000,0
1771462800000000,2.31600000,2.34400000,2.31600000,2.33100000,42751.86000000,1771466399999999,99713.55051000,1449,27112.79000000,63239.60705000,0
1771466400000000,2.33100000,2.33700000,2.32000000,2.33600000,17600.66000000,1771469999999999,40960.53438000,656,7547.48000000,17569.01182000,0
1771470000000000,2.33600000,2.35600000,2.32700000,2.34600000,57774.15000000,1771473599999999,135276.05789000,1309,30239.42000000,70827.32388000,0
1771473600000000,2.34500000,2.36700000,2.33100000,2.35500000,121702.31000000,1771477199999999,286026.35345000,2232,58465.29000000,137397.50287000,0
1771477200000000,2.35600000,2.35700000,2.33500000,2.34500000,48332.76000000,1771480799999999,113382.45660000,1032,16329.70000000,38310.70730000,0
1771480800000000,2.34400000,2.36200000,2.33500000,2.33900000,71618.69000000,1771484399999999,168065.32847000,1458,43607.19000000,102359.03329000,0
1771484400000000,2.33900000,2.35500000,2.32800000,2.35100000,63174.18000000,1771487999999999,147913.06948000,1381,35959.34000000,84191.77177000,0
1771488000000000,2.35100000,2.35100000,2.30500000,2.31400000,107880.87000000,1771491599999999,250264.00587000,2501,56619.75000000,131282.82938000,0
1771491600000000,2.31300000,2.32200000,2.30400000,2.31800000,44924.79000000,1771495199999999,103926.43400000,1222,22979.77000000,53168.47963000,0
1771495200000000,2.31700000,2.32800000,2.30800000,2.31700000,86185.25000000,1771498799999999,199793.79809000,1285,56395.44000000,130790.16333000,0
1771498800000000,2.31700000,2.32200000,2.31100000,2.31800000,37161.28000000,1771502399999999,86098.57734000,709,21913.03000000,50780.43645000,0
1771502400000000,2.31800000,2.33300000,2.31300000,2.32300000,77524.78000000,1771505999999999,180092.88755000,1315,24871.96000000,57763.60240000,0
1771506000000000,2.32400000,2.33100000,2.28600000,2.30400000,118862.79000000,1771509599999999,274128.75060000,2372,36818.35000000,85020.32878000,0
1771509600000000,2.30500000,2.31000000,2.28100000,2.29200000,145863.32000000,1771513199999999,334905.80159000,2412,52071.47000000,119536.60450000,0
1771513200000000,2.29100000,2.34100000,2.28000000,2.33200000,186961.43000000,1771516799999999,432771.81704000,3920,73173.13000000,169561.16214000,0
1771516800000000,2.33100000,2.33300000,2.28600000,2.28600000,180335.68000000,1771520399999999,416159.83202000,3009,54253.80000000,125363.82397000,0
1771520400000000,2.28500000,2.31700000,2.27700000,2.29100000,56963.24000000,1771523999999999,130838.62183000,1356,25566.38000000,58705.22794000,0
1771524000000000,2.29000000,2.30700000,2.28800000,2.30300000,29874.96000000,1771527599999999,68734.54400000,818,21647.20000000,49817.43178000,0
1771527600000000,2.30300000,2.30900000,2.26700000,2.27300000,65124.54000000,1771531199999999,148393.83627000,1641,23954.72000000,54611.45776000,0
1771531200000000,2.27300000,2.29000000,2.27000000,2.27200000,61615.81000000,1771534799999999,140395.50985000,1212,29093.60000000,66334.85475000,0
1771534800000000,2.27300000,2.28500000,2.27000000,2.27400000,56695.47000000,1771538399999999,129114.47185000,980,21684.78000000,49391.98229000,0
1771538400000000,2.27500000,2.28900000,2.27000000,2.28900000,18466.52000000,1771541999999999,42063.17573000,640,8290.40000000,18887.28206000,0
1771542000000000,2.28900000,2.29900000,2.28200000,2.29200000,39853.52000000,1771545599999999,91433.05296000,693,14604.45000000,33475.16639000,0
1771545600000000,2.29100000,2.30500000,2.28300000,2.29600000,41492.95000000,1771549199999999,95131.38179000,1091,21763.66000000,49900.52263000,0
1771549200000000,2.29700000,2.30600000,2.28300000,2.28400000,54666.22000000,1771552799999999,125458.96501000,909,33090.08000000,75971.35917000,0
1771552800000000,2.28500000,2.28800000,2.27100000,2.27400000,33541.34000000,1771556399999999,76478.04240000,724,18150.91000000,41400.83607000,0
1771556400000000,2.27400000,2.28200000,2.27400000,2.28000000,11474.02000000,1771559999999999,26149.86321000,353,6557.57000000,14944.73533000,0
1771560000000000,2.27900000,2.27900000,2.25800000,2.27500000,38945.91000000,1771563599999999,88355.84350000,905,18146.00000000,41187.75970000,0
1771563600000000,2.27600000,2.29100000,2.26200000,2.28200000,31003.60000000,1771567199999999,70509.06933000,768,15318.01000000,34834.94672000,0
1771567200000000,2.28300000,2.28500000,2.26600000,2.27200000,21194.84000000,1771570799999999,48159.40264000,500,11615.37000000,26398.78080000,0
1771570800000000,2.27300000,2.28000000,2.26400000,2.27200000,28775.09000000,1771574399999999,65375.02367000,675,13724.09000000,31176.77488000,0
1771574400000000,2.27200000,2.28800000,2.27000000,2.28600000,57289.49000000,1771577999999999,130634.28470000,881,36611.41000000,83475.68795000,0
1771578000000000,2.28700000,2.32900000,2.28700000,2.32800000,179110.01000000,1771581599999999,413793.12305000,2625,106426.03000000,245842.81196000,0
1771581600000000,2.32700000,2.33900000,2.31300000,2.31600000,80651.64000000,1771585199999999,187593.99190000,1458,38795.57000000,90178.25048000,0
1771585200000000,2.31700000,2.32500000,2.30100000,2.31000000,56037.45000000,1771588799999999,129471.85900000,907,23668.09000000,54706.30622000,0
1771588800000000,2.31100000,2.35900000,2.30100000,2.35500000,140187.34000000,1771592399999999,326752.41264000,2668,71478.29000000,166561.96468000,0
1771592400000000,2.35500000,2.37400000,2.32800000,2.33100000,239974.24000000,1771595999999999,564070.15788000,4109,98598.37000000,231707.04549000,0
1771596000000000,2.33200000,2.38300000,2.32200000,2.36300000,169110.51000000,1771599599999999,398154.51799000,3676,65378.96000000,153986.24445000,0
1771599600000000,2.36300000,2.39200000,2.33500000,2.36100000,204724.45000000,1771603199999999,485097.60909000,4353,105968.02000000,250919.71835000,0
1771603200000000,2.36200000,2.38900000,2.35300000,2.38300000,172612.02000000,1771606799999999,408853.64701000,3381,104669.03000000,247968.80309000,0
1771606800000000,2.38200000,2.38200000,2.34100000,2.37800000,82354.11000000,1771610399999999,194340.98066000,1809,41400.85000000,97686.49957000,0
1771610400000000,2.37900000,2.38200000,2.34700000,2.35000000,69720.20000000,1771613999999999,164754.88495000,1593,28131.61000000,66474.68013000,0
1771614000000000,2.35000000,2.35400000,2.33200000,2.34800000,39829.31000000,1771617599999999,93267.31656000,1112,28627.46000000,67041.01444000,0
1771617600000000,2.34800000,2.35400000,2.33400000,2.34000000,21854.48000000,1771621199999999,51217.98920000,652,8557.36000000,20057.54948000,0
1771621200000000,2.34000000,2.35700000,2.33900000,2.35700000,14825.83000000,1771624799999999,34773.02353000,429,9738.15000000,22840.84389000,0
1771624800000000,2.35600000,2.35800000,2.34300000,2.34800000,42226.18000000,1771628399999999,99250.45887000,778,25901.95000000,60872.34297000,0
1771628400000000,2.34800000,2.36100000,2.34200000,2.35800000,15970.56000000,1771631999999999,37514.51763000,390,7548.75000000,17738.22050000,0
1771632000000000,2.35800000,2.36000000,2.34300000,2.35400000,41971.26000000,1771635599999999,98781.32560000,941,17086.06000000,40209.59893000,0
1771635600000000,2.35500000,2.38400000,2.35500000,2.37900000,38745.00000000,1771639199999999,91823.66365000,921,20029.82000000,47463.04650000,0
1771639200000000,2.38000000,2.41000000,2.37100000,2.39200000,180380.27000000,1771642799999999,431811.61991000,2415,87460.28000000,209303.37274000,0
1771642800000000,2.39100000,2.40900000,2.38000000,2.40800000,110414.69000000,1771646399999999,264593.29851000,1367,57497.26000000,137741.14806000,0
1771646400000000,2.40900000,2.41300000,2.39800000,2.40400000,31037.80000000,1771649999999999,74655.10322000,823,20401.86000000,49079.60171000,0
1771650000000000,2.40300000,2.41300000,2.38100000,2.38300000,89415.38000000,1771653599999999,214391.84918000,1530,38995.94000000,93457.64543000,0
1771653600000000,2.38500000,2.38700000,2.36200000,2.37000000,46592.76000000,1771657199999999,110442.22194000,901,25223.47000000,59760.27420000,0
1771657200000000,2.37000000,2.38400000,2.36600000,2.38000000,37904.75000000,1771660799999999,89988.44815000,712,20218.07000000,47997.24902000,0
1771660800000000,2.37900000,2.39500000,2.37100000,2.39200000,68007.67000000,1771664399999999,162195.44507000,848,35584.58000000,84868.59754000,0
1771664400000000,2.39100000,2.39800000,2.38100000,2.38300000,32668.97000000,1771667999999999,78135.15228000,818,15387.98000000,36828.67945000,0
1771668000000000,2.38300000,2.39300000,2.37500000,2.37700000,20996.59000000,1771671599999999,50032.13713000,523,11196.52000000,26687.17365000,0
1771671600000000,2.37800000,2.38600000,2.35700000,2.36100000,43990.91000000,1771675199999999,104394.72177000,947,21691.63000000,51482.58833000,0
1771675200000000,2.36000000,2.36500000,2.35100000,2.35600000,33761.71000000,1771678799999999,79604.53598000,966,19597.46000000,46195.96211000,0
1771678800000000,2.35600000,2.35900000,2.34700000,2.35500000,22025.26000000,1771682399999999,51809.02227000,653,12916.85000000,30389.81097000,0
1771682400000000,2.35400000,2.36900000,2.34300000,2.34400000,67917.50000000,1771685999999999,160045.65424000,1586,34244.65000000,80729.31492000,0
1771686000000000,2.34500000,2.35800000,2.33700000,2.35000000,35183.44000000,1771689599999999,82514.01472000,834,24310.59000000,57022.99535000,0
1771689600000000,2.35100000,2.35200000,2.33300000,2.33500000,14082.22000000,1771693199999999,32958.33819000,631,8593.21000000,20116.02931000,0
1771693200000000,2.33400000,2.33800000,2.32500000,2.32700000,32334.63000000,1771696799999999,75391.29461000,810,16687.92000000,38919.99733000,0
1771696800000000,2.32800000,2.34600000,2.32400000,2.34600000,43856.82000000,1771700399999999,102370.56067000,727,26049.25000000,60801.80335000,0
1771700400000000,2.34600000,2.34600000,2.32700000,2.33000000,31392.21000000,1771703999999999,73273.66590000,545,17259.17000000,40260.14607000,0
1771704000000000,2.33000000,2.33400000,2.31600000,2.31800000,25218.16000000,1771707599999999,58592.82396000,638,8861.71000000,20580.33168000,0
1771707600000000,2.31700000,2.32800000,2.31500000,2.32600000,12564.90000000,1771711199999999,29187.29817000,354,6717.09000000,15599.40583000,0
1771711200000000,2.32600000,2.32700000,2.31300000,2.32300000,21653.28000000,1771714799999999,50214.19672000,436,12949.70000000,30024.93090000,0
1771714800000000,2.32300000,2.32600000,2.30600000,2.31400000,28934.14000000,1771718399999999,66955.02688000,488,11421.17000000,26414.21660000,0
1771718400000000,2.31400000,2.31500000,2.29700000,2.31400000,92061.86000000,1771721999999999,212242.26474000,1502,38488.37000000,88748.20200000,0
1771722000000000,2.31500000,2.31900000,2.29900000,2.30600000,24343.27000000,1771725599999999,56213.37565000,437,8955.45000000,20688.59884000,0
1771725600000000,2.30500000,2.30900000,2.28700000,2.29200000,27087.19000000,1771729199999999,62239.76460000,612,12553.46000000,28850.07953000,0
1771729200000000,2.29200000,2.29300000,2.28400000,2.29000000,31581.48000000,1771732799999999,72252.04781000,427,12609.73000000,28857.32463000,0
1771732800000000,2.29000000,2.29000000,2.27900000,2.28200000,10283.83000000,1771736399999999,23474.07828000,275,6562.69000000,14978.37242000,0
1771736400000000,2.28300000,2.29200000,2.28300000,2.29200000,10173.73000000,1771739999999999,23262.02497000,225,6940.66000000,15870.13150000,0
1771740000000000,2.29300000,2.30400000,2.28300000,2.29500000,34761.31000000,1771743599999999,79790.42978000,514,11651.24000000,26717.92914000,0
1771743600000000,2.29600000,2.31500000,2.29200000,2.31300000,50423.98000000,1771747199999999,116422.87649000,805,38308.42000000,88441.23663000,0
1771747200000000,2.31400000,2.31500000,2.28500000,2.29100000,50167.15000000,1771750799999999,115116.00669000,662,31149.52000000,71444.82035000,0
1771750800000000,2.29000000,2.30600000,2.28900000,2.30400000,25167.33000000,1771754399999999,57832.41807000,553,12079.48000000,27766.52000000,0
1771754400000000,2.30400000,2.30400000,2.28700000,2.28900000,40329.48000000,1771757999999999,92541.63938000,532,13831.33000000,31730.50645000,0
1771758000000000,2.29000000,2.29200000,2.27500000,2.27800000,57790.53000000,1771761599999999,131887.49825000,682,21429.85000000,48954.79482000,0
1771761600000000,2.27800000,2.27900000,2.26200000,2.27000000,39561.48000000,1771765199999999,89797.33343000,730,24640.83000000,55927.65346000,0
1771765200000000,2.27000000,2.27100000,2.25700000,2.26000000,29534.78000000,1771768799999999,66806.66153000,607,12783.61000000,28922.86581000,0
1771768800000000,2.26100000,2.26700000,2.23700000,2.25100000,193715.56000000,1771772399999999,435782.10081000,2246,90056.25000000,202488.63644000,0
1771772400000000,2.25200000,2.27200000,2.24300000,2.26300000,56369.40000000,1771775999999999,127398.67108000,1055,22744.92000000,51419.32247000,0
1771776000000000,2.26300000,2.26500000,2.25300000,2.26200000,31014.54000000,1771779599999999,70075.57086000,691,6220.12000000,14047.18933000,0
1771779600000000,2.26200000,2.27000000,2.25200000,2.25500000,26717.98000000,1771783199999999,60434.81439000,635,12000.18000000,27142.44204000,0
1771783200000000,2.25500000,2.26000000,2.24900000,2.25000000,28224.16000000,1771786799999999,63591.46828000,484,7660.95000000,17272.11457000,0
1771786800000000,2.25000000,2.25100000,2.23900000,2.24800000,26337.20000000,1771790399999999,59123.89404000,573,8521.50000000,19131.51013000,0
1771790400000000,2.24700000,2.25100000,2.23700000,2.23900000,15453.64000000,1771793999999999,34702.95022000,358,3305.58000000,7421.40676000,0
1771794000000000,2.24000000,2.24800000,2.23000000,2.23700000,64360.63000000,1771797599999999,144065.21205000,894,12955.98000000,29003.57102000,0
1771797600000000,2.23600000,2.25600000,2.23600000,2.25200000,26604.51000000,1771801199999999,59737.74570000,669,12936.58000000,29023.92020000,0
1771801200000000,2.25300000,2.25400000,2.24400000,2.25000000,24346.09000000,1771804799999999,54771.03361000,427,11663.93000000,26240.64734000,0
1771804800000000,2.25000000,2.25300000,2.22500000,2.23000000,52076.62000000,1771808399999999,116533.40374000,913,19317.06000000,43234.18924000,0
1771808400000000,2.23000000,2.23100000,2.16600000,2.17100000,329721.33000000,1771811999999999,723604.71673000,6840,116025.05000000,254712.73255000,0
1771812000000000,2.17000000,2.19300000,2.16800000,2.19000000,138779.20000000,1771815599999999,302918.18232000,1855,82228.73000000,179396.96025000,0
1771815600000000,2.19100000,2.20300000,2.18900000,2.20000000,75107.72000000,1771819199999999,164972.89396000,1145,27736.44000000,60909.13436000,0
1771819200000000,2.20000000,2.20600000,2.18300000,2.18300000,46963.94000000,1771822799999999,102974.19167000,733,12119.07000000,26589.85424000,0
1771822800000000,2.18400000,2.20200000,2.18200000,2.19700000,37340.78000000,1771826399999999,81988.70144000,634,9463.31000000,20746.36500000,0
1771826400000000,2.19700000,2.22800000,2.19500000,2.22400000,87533.34000000,1771829999999999,194115.11486000,1430,39116.22000000,86704.84429000,0
1771830000000000,2.22300000,2.22900000,2.20200000,2.20600000,81522.33000000,1771833599999999,180622.47074000,1000,31739.82000000,70437.05486000,0
1771833600000000,2.20500000,2.21100000,2.19200000,2.20000000,72807.38000000,1771837199999999,160161.88250000,847,39995.96000000,88018.60364000,0
1771837200000000,2.20000000,2.23700000,2.20000000,2.23300000,105755.97000000,1771840799999999,234687.65199000,1345,66428.11000000,147381.07269000,0
1771840800000000,2.23400000,2.24100000,2.22400000,2.23400000,47947.39000000,1771844399999999,107048.66915000,835,25630.60000000,57234.52344000,0
1771844400000000,2.23300000,2.25300000,2.23200000,2.24000000,84028.25000000,1771847999999999,188695.06695000,1059,41958.13000000,94216.38367000,0
1771848000000000,2.24000000,2.25500000,2.22400000,2.22400000,123190.15000000,1771851599999999,275542.71571000,1625,40809.92000000,91376.91555000,0
1771851600000000,2.22400000,2.22400000,2.16400000,2.18000000,232098.99000000,1771855199999999,507964.50280000,3695,113233.04000000,247829.02451000,0
1771855200000000,2.17900000,2.18100000,2.16100000,2.16600000,66685.22000000,1771858799999999,144738.76190000,1306,35859.40000000,77858.21108000,0
1771858800000000,2.16700000,2.17200000,2.14900000,2.15600000,73460.14000000,1771862399999999,158414.46951000,1579,32056.16000000,69124.77323000,0
1771862400000000,2.15600000,2.15600000,2.13700000,2.14300000,80409.11000000,1771865999999999,172546.43440000,1657,37928.96000000,81365.15204000,0
1771866000000000,2.14300000,2.14900000,2.11700000,2.13900000,96125.02000000,1771869599999999,204982.86645000,1958,49938.30000000,106548.48805000,0
1771869600000000,2.13900000,2.14900000,2.12600000,2.12700000,40712.46000000,1771873199999999,87003.14109000,1147,20434.43000000,43693.07991000,0
1771873200000000,2.12700000,2.12900000,2.11400000,2.11800000,37017.06000000,1771876799999999,78485.62776000,909,21609.89000000,45829.75390000,0
1771876800000000,2.11800000,2.13200000,2.11200000,2.13100000,24327.82000000,1771880399999999,51561.13557000,636,16414.65000000,34812.62138000,0
1771880400000000,2.13200000,2.13600000,2.11700000,2.11800000,30026.38000000,1771883999999999,63918.54224000,815,14950.11000000,31830.50172000,0
1771884000000000,2.11800000,2.13400000,2.11600000,2.12200000,22780.05000000,1771887599999999,48431.76851000,610,10191.95000000,21660.54946000,0
1771887600000000,2.12200000,2.12600000,2.11600000,2.12000000,14155.81000000,1771891199999999,30014.70558000,338,5039.66000000,10694.91913000,0
1771891200000000,2.12000000,2.14800000,2.12000000,2.13200000,58402.44000000,1771894799999999,124795.20369000,1192,40044.17000000,85561.31536000,0
1771894800000000,2.13200000,2.13300000,2.09700000,2.10400000,84969.61000000,1771898399999999,179764.44850000,1919,32113.24000000,67913.92507000,0
1771898400000000,2.10300000,2.11600000,2.09300000,2.09400000,44632.25000000,1771901999999999,93795.12600000,1097,16596.94000000,34899.06673000,0
1771902000000000,2.09400000,2.10900000,2.08500000,2.10500000,45270.68000000,1771905599999999,95004.63435000,965,29495.27000000,61911.04743000,0
1771905600000000,2.10600000,2.10800000,2.08100000,2.08800000,55295.20000000,1771909199999999,115643.30284000,821,20833.24000000,43518.37124000,0
1771909200000000,2.08800000,2.09300000,2.07300000,2.07400000,44658.22000000,1771912799999999,93001.19998000,895,22626.43000000,47159.81504000,0
1771912800000000,2.07500000,2.07600000,2.05600000,2.05700000,59409.28000000,1771916399999999,122872.26935000,924,21699.41000000,44889.87042000,0
1771916400000000,2.05700000,2.06100000,2.04600000,2.05900000,57878.07000000,1771919999999999,118849.18780000,1168,32472.16000000,66674.90714000,0
1771920000000000,2.05900000,2.06900000,2.05100000,2.06900000,34387.23000000,1771923599999999,70807.36071000,815,23007.58000000,47381.90109000,0
1771923600000000,2.07000000,2.07000000,2.04000000,2.04300000,93298.08000000,1771927199999999,191245.12874000,1069,27250.21000000,55877.66434000,0
1771927200000000,2.04300000,2.05200000,2.03900000,2.04400000,85961.46000000,1771930799999999,175846.70396000,978,30756.46000000,62938.30919000,0
1771930800000000,2.04400000,2.04400000,2.03000000,2.03500000,68449.72000000,1771934399999999,139394.75116000,992,35539.85000000,72366.34358000,0
1771934400000000,2.03500000,2.04800000,2.03200000,2.04000000,55579.94000000,1771937999999999,113316.84421000,748,21288.78000000,43402.90417000,0
1771938000000000,2.03900000,2.04100000,2.02000000,2.03200000,136132.24000000,1771941599999999,276105.05440000,1504,40338.94000000,81846.34548000,0
1771941600000000,2.03100000,2.07700000,2.02500000,2.07000000,168024.12000000,1771945199999999,344885.47008000,2436,94785.12000000,194494.22603000,0
1771945200000000,2.07100000,2.07600000,2.03900000,2.04000000,81310.30000000,1771948799999999,167477.83009000,1566,38791.66000000,79936.14781000,0
1771948800000000,2.04000000,2.05500000,2.03800000,2.05200000,45044.79000000,1771952399999999,92223.55544000,1087,27462.92000000,56251.77371000,0
1771952400000000,2.05100000,2.05100000,2.02700000,2.02800000,49153.35000000,1771955999999999,100065.10432000,977,25011.97000000,50922.18001000,0
1771956000000000,2.02800000,2.03300000,2.00900000,2.01600000,86588.55000000,1771959599999999,174792.32575000,1506,41646.26000000,84010.48930000,0
1771959600000000,2.01600000,2.02100000,2.00000000,2.00600000,65278.89000000,1771963199999999,131088.92509000,1058,36349.47000000,73003.47498000,0
1771963200000000,2.00700000,2.00800000,1.98600000,1.98800000,63976.25000000,1771966799999999,127814.12621000,1243,28885.08000000,57714.04098000,0
1771966800000000,1.99000000,2.00500000,1.98800000,2.00200000,31297.81000000,1771970399999999,62449.04334000,724,13921.48000000,27765.06431000,0
1771970400000000,2.00200000,2.00500000,1.98600000,1.98700000,43568.59000000,1771973999999999,87041.14267000,659,20140.77000000,40243.23849000,0
1771974000000000,1.98700000,2.00400000,1.98000000,1.99200000,69889.49000000,1771977599999999,139396.58859000,1086,36059.47000000,71900.97694000,0
1771977600000000,1.99300000,2.02300000,1.98800000,2.02300000,88016.52000000,1771981199999999,176789.97152000,1290,47984.39000000,96426.12626000,0
1771981200000000,2.02300000,2.09400000,2.02300000,2.08500000,195266.19000000,1771984799999999,404647.26680000,3837,96911.12000000,200663.09739000,0
1771984800000000,2.08400000,2.09500000,2.07900000,2.07900000,46288.41000000,1771988399999999,96655.85130000,890,22517.00000000,47045.18022000,0
1771988400000000,2.08000000,2.08300000,2.05600000,2.06300000,48062.73000000,1771991999999999,99360.56832000,875,18300.81000000,37834.20648000,0
1771992000000000,2.06400000,2.06800000,2.05100000,2.06400000,41795.95000000,1771995599999999,86064.89520000,677,13891.94000000,28593.93226000,0
1771995600000000,2.06300000,2.06300000,2.03400000,2.03900000,50330.36000000,1771999199999999,102821.93069000,972,19419.65000000,39667.61674000,0
1771999200000000,2.03900000,2.04600000,2.02600000,2.02700000,42201.54000000,1772002799999999,85904.19990000,632,29326.42000000,59721.53600000,0
1772002800000000,2.02800000,2.04100000,2.02800000,2.03600000,20543.56000000,1772006399999999,41776.30697000,445,12021.43000000,24454.82274000,0
1772006400000000,2.03700000,2.04300000,2.02800000,2.04300000,39372.85000000,1772009999999999,80164.11317000,560,20921.18000000,42619.27569000,0
1772010000000000,2.04200000,2.05700000,2.04200000,2.05700000,50043.92000000,1772013599999999,102542.47355000,671,33003.74000000,67621.75954000,0
1772013600000000,2.05700000,2.06300000,2.04700000,2.05500000,49341.25000000,1772017199999999,101383.39015000,743,17923.65000000,36851.62718000,0
1772017200000000,2.05500000,2.07700000,2.05000000,2.07300000,74946.69000000,1772020799999999,154718.12168000,1136,44095.69000000,90965.27104000,0
1772020800000000,2.07200000,2.08900000,2.06100000,2.08500000,106598.92000000,1772024399999999,221049.20778000,1743,55384.64000000,114864.25161000,0
1772024400000000,2.08600000,2.09600000,2.07400000,2.07400000,89904.09000000,1772027999999999,187677.08146000,1573,48274.16000000,100809.09145000,0
1772028000000000,2.07400000,2.09100000,2.06900000,2.09000000,53180.75000000,1772031599999999,110562.06100000,1195,24351.13000000,50610.48730000,0
1772031600000000,2.09100000,2.12000000,2.08700000,2.09300000,149008.12000000,1772035199999999,313015.96212000,2512,79871.29000000,167821.33392000,0
1772035200000000,2.09300000,2.10700000,2.06700000,2.10100000,283062.48000000,1772038799999999,590989.48874000,4354,172180.79000000,359823.92267000,0
1772038800000000,2.10000000,2.11200000,2.07600000,2.08700000,264872.30000000,1772042399999999,552734.58756000,3726,171999.58000000,358995.31123000,0
1772042400000000,2.08600000,2.08700000,2.05500000,2.07100000,161275.15000000,1772045999999999,333710.80974000,2563,86690.17000000,179471.24831000,0
1772046000000000,2.07100000,2.09000000,2.05800000,2.08400000,143135.76000000,1772049599999999,297331.27700000,1645,77815.83000000,161676.17280000,0
1772049600000000,2.08500000,2.09000000,1.97800000,2.00900000,639992.30000000,1772053199999999,1306732.97229000,10542,341294.26000000,697267.22148000,0
1772053200000000,2.00900000,2.02000000,1.97600000,1.98800000,961315.27000000,1772056799999999,1923222.96752000,13152,611282.66000000,1223096.97850000,0
1772056800000000,1.98900000,2.00900000,1.95800000,1.97200000,513492.25000000,1772060399999999,1021850.50959000,8171,287994.07000000,573579.02772000,0
1772060400000000,1.97200000,1.97600000,1.92800000,1.94200000,247355.01000000,1772063999999999,482116.81859000,4368,93917.41000000,183124.61628000,0
1772064000000000,1.94100000,1.95900000,1.93300000,1.95300000,174301.52000000,1772067599999999,339683.39834000,3034,95777.88000000,186643.38731000,0
1772067600000000,1.95300000,1.98400000,1.94100000,1.94200000,184369.10000000,1772071199999999,362806.53434000,4157,69867.31000000,137560.17518000,0
1772071200000000,1.94400000,1.96000000,1.93100000,1.94900000,154938.65000000,1772074799999999,302181.74809000,2895,73215.61000000,142787.91323000,0
1772074800000000,1.95000000,1.95200000,1.93500000,1.94700000,122729.36000000,1772078399999999,238711.40176000,2049,68529.74000000,133346.26768000,0
1772078400000000,1.94600000,1.95600000,1.93500000,1.94700000,121830.20000000,1772081999999999,237160.53344000,1734,65107.76000000,126779.89998000,0
1772082000000000,1.94700000,1.94800000,1.92000000,1.93400000,166987.49000000,1772085599999999,322802.68373000,2765,79933.27000000,154557.66189000,0
1772085600000000,1.93300000,1.94700000,1.93000000,1.94100000,100920.43000000,1772089199999999,195777.97453000,1174,53843.67000000,104448.59958000,0
1772089200000000,1.94100000,1.94700000,1.92400000,1.92800000,128133.18000000,1772092799999999,247999.88419000,2033,66051.37000000,127797.73161000,0
1772092800000000,1.92900000,1.93000000,1.90700000,1.90700000,233139.77000000,1772096399999999,447020.50007000,3120,115930.57000000,222365.85170000,0
1772096400000000,1.90900000,1.94200000,1.90700000,1.93400000,75171.88000000,1772099999999999,144727.74996000,1216,44398.02000000,85533.12811000,0
1772100000000000,1.93600000,1.93700000,1.91500000,1.92300000,137237.29000000,1772103599999999,264013.72760000,1831,57703.52000000,111029.95534000,0
1772103600000000,1.92300000,1.92700000,1.89600000,1.90500000,241288.35000000,1772107199999999,460715.88195000,3658,112005.96000000,213907.61154000,0
1772107200000000,1.90600000,1.92200000,1.90000000,1.91900000,122682.92000000,1772110799999999,234257.22215000,1805,71490.09000000,136551.07613000,0
1772110800000000,1.92000000,1.92900000,1.90500000,1.91600000,119142.61000000,1772114399999999,228303.74260000,1745,70940.74000000,135953.22126000,0
1772114400000000,1.91600000,1.92300000,1.89800000,1.90700000,173629.78000000,1772117999999999,331775.59215000,2593,107266.59000000,205026.75992000,0
1772118000000000,1.90700000,1.91000000,1.86000000,1.87300000,339540.24000000,1772121599999999,638404.69933000,3787,171377.88000000,322404.37838000,0
1772121600000000,1.87200000,1.87400000,1.82800000,1.83500000,306196.38000000,1772125199999999,566234.76021000,3031,198079.12000000,366350.72692000,0
1772125200000000,1.83400000,1.84800000,1.82500000,1.84000000,293991.34000000,1772128799999999,540020.08264000,1894,201551.81000000,370178.78916000,0
1772128800000000,1.84000000,1.84800000,1.82700000,1.84000000,229061.37000000,1772132399999999,420949.62397000,1666,150791.26000000,277084.56503000,0
1772132400000000,1.83900000,1.85300000,1.83100000,1.84700000,199412.45000000,1772135999999999,366644.93271000,1773,136297.77000000,250528.15670000,0
1772136000000000,1.84600000,1.85300000,1.83800000,1.84700000,87249.72000000,1772139599999999,160997.52506000,1074,50145.65000000,92559.78697000,0
1772139600000000,1.84700000,1.88800000,1.84600000,1.87700000,181553.16000000,1772143199999999,339654.80368000,1890,96672.88000000,180690.08615000,0
1772143200000000,1.87600000,1.88300000,1.86500000,1.87600000,79704.34000000,1772146799999999,149438.70743000,751,47863.18000000,89723.80850000,0
1772146800000000,1.87700000,1.89000000,1.86800000,1.87900000,68659.54000000,1772150399999999,129088.31113000,727,28875.18000000,54300.24077000,0
1772150400000000,1.88000000,1.89300000,1.87100000,1.89200000,97828.32000000,1772153999999999,184176.46491000,1768,60729.83000000,114324.28771000,0
1772154000000000,1.89200000,1.91400000,1.88800000,1.90900000,94419.68000000,1772157599999999,179529.85459000,1298,55629.90000000,105758.33251000,0
1772157600000000,1.91000000,1.92100000,1.89900000,1.90300000,59066.09000000,1772161199999999,112800.04435000,727,32363.53000000,61793.85697000,0
1772161200000000,1.90400000,1.91700000,1.90100000,1.91300000,34730.01000000,1772164799999999,66278.73016000,533,22326.13000000,42610.57953000,0
1772164800000000,1.91300000,1.94100000,1.90600000,1.90900000,90068.11000000,1772168399999999,173298.89495000,1392,40480.09000000,77950.02561000,0
1772168400000000,1.90900000,1.91000000,1.90000000,1.90800000,41075.73000000,1772171999999999,78217.86324000,572,24894.05000000,47396.33958000,0
1772172000000000,1.90800000,1.91300000,1.89300000,1.90200000,56988.93000000,1772175599999999,108377.23512000,1044,29149.87000000,55446.84484000,0
1772175600000000,1.90100000,1.91200000,1.89700000,1.90300000,93435.74000000,1772179199999999,177997.84280000,1343,39703.88000000,75673.65252000,0
1772179200000000,1.90200000,1.93000000,1.90200000,1.92600000,117017.79000000,1772182799999999,224274.64147000,1831,59206.91000000,113457.85326000,0
1772182800000000,1.92700000,1.93000000,1.90200000,1.91400000,80392.29000000,1772186399999999,154177.14124000,1270,40882.75000000,78478.85198000,0
1772186400000000,1.91300000,1.92700000,1.90400000,1.90700000,90839.39000000,1772189999999999,173900.26317000,1501,43495.94000000,83215.66891000,0
1772190000000000,1.90800000,1.91000000,1.87200000,1.87600000,144600.13000000,1772193599999999,272522.50435000,1875,63881.40000000,120566.55384000,0
1772193600000000,1.87500000,1.89500000,1.87100000,1.88500000,194431.05000000,1772197199999999,366193.96521000,2022,136390.44000000,256932.97837000,0
1772197200000000,1.88500000,1.89300000,1.86200000,1.87500000,79122.47000000,1772200799999999,148467.61209000,1321,44118.81000000,82830.29724000,0
1772200800000000,1.87400000,1.88900000,1.87300000,1.88000000,48258.55000000,1772204399999999,90693.54896000,941,28222.06000000,53036.27773000,0
1772204400000000,1.88000000,1.89700000,1.86300000,1.86600000,131184.51000000,1772207999999999,246538.26190000,1883,84056.62000000,157990.57266000,0
1772208000000000,1.86500000,1.88900000,1.85200000,1.87300000,166346.89000000,1772211599999999,311242.72730000,1495,88905.91000000,166326.44088000,0
1772211600000000,1.87200000,1.87400000,1.83900000,1.86500000,263579.15000000,1772215199999999,490184.32908000,2353,157854.50000000,293719.48477000,0
1772215200000000,1.86500000,1.86800000,1.85600000,1.85600000,61693.46000000,1772218799999999,114945.40313000,663,26704.94000000,49768.65422000,0
1772218800000000,1.85600000,1.85800000,1.84100000,1.84800000,23279.98000000,1772222399999999,43030.20138000,439,10477.05000000,19366.76730000,0
1772222400000000,1.84800000,1.85800000,1.84400000,1.84700000,34604.08000000,1772225999999999,64068.58789000,570,18566.85000000,34373.36248000,0
1772226000000000,1.84700000,1.85100000,1.83300000,1.83700000,99782.49000000,1772229599999999,183547.37039000,1114,35562.72000000,65438.29874000,0
1772229600000000,1.83800000,1.84600000,1.81700000,1.84400000,116670.85000000,1772233199999999,213855.54546000,1344,60551.85000000,111049.39351000,0
1772233200000000,1.84600000,1.85600000,1.84500000,1.84900000,38383.50000000,1772236799999999,71074.47157000,520,21428.48000000,39678.95602000,0
1772236800000000,1.85000000,1.85500000,1.84400000,1.84800000,33167.48000000,1772240399999999,61336.19725000,545,17068.61000000,31561.58878000,0
1772240400000000,1.84700000,1.84900000,1.83000000,1.83300000,29696.71000000,1772243999999999,54611.58022000,537,16167.83000000,29745.06425000,0
1772244000000000,1.83200000,1.85100000,1.82800000,1.84800000,40030.56000000,1772247599999999,73788.35290000,476,20759.70000000,38221.94408000,0
1772247600000000,1.84700000,1.84900000,1.83300000,1.84200000,51848.57000000,1772251199999999,95467.46179000,1970,32961.86000000,60707.83995000,0
1772251200000000,1.84100000,1.84800000,1.83800000,1.84800000,27586.13000000,1772254799999999,50865.62456000,1000,17298.34000000,31883.19136000,0
1772254800000000,1.84800000,1.85500000,1.83400000,1.84100000,52982.17000000,1772258399999999,97663.22286000,777,18105.97000000,33414.20303000,0
1772258400000000,1.84000000,1.84200000,1.78800000,1.79200000,208502.72000000,1772261999999999,378163.12215000,3500,95655.85000000,173544.67647000,0
1772262000000000,1.79100000,1.83700000,1.78200000,1.81100000,127920.84000000,1772265599999999,231874.68216000,2236,59057.01000000,107022.50380000,0
1772265600000000,1.81000000,1.81400000,1.77400000,1.78100000,220047.06000000,1772269199999999,395245.25703000,2955,112985.43000000,202991.53218000,0
1772269200000000,1.78100000,1.79400000,1.77300000,1.78000000,73805.07000000,1772272799999999,131585.83467000,1296,36781.61000000,65566.53300000,0
1772272800000000,1.77900000,1.79500000,1.76900000,1.78500000,96008.55000000,1772276399999999,171137.13877000,1459,41612.66000000,74155.34356000,0
1772276400000000,1.78600000,1.80100000,1.77600000,1.78000000,99096.94000000,1772279999999999,177504.49723000,1253,43861.68000000,78567.49224000,0
1772280000000000,1.78000000,1.79800000,1.78000000,1.79100000,83005.44000000,1772283599999999,148431.07158000,848,31672.99000000,56688.47276000,0
1772283600000000,1.79000000,1.80900000,1.76700000,1.80700000,189171.83000000,1772287199999999,337692.69594000,2211,72407.95000000,129504.10565000,0
1772287200000000,1.80800000,1.81600000,1.79500000,1.79800000,115715.48000000,1772290799999999,208846.20418000,1350,56839.11000000,102684.21628000,0
1772290800000000,1.79900000,1.80600000,1.78500000,1.79600000,126558.80000000,1772294399999999,227312.19638000,1258,64655.12000000,116233.40720000,0
1772294400000000,1.79600000,1.79600000,1.78100000,1.79300000,126546.74000000,1772297999999999,226036.20370000,1204,38846.96000000,69452.84093000,0
1772298000000000,1.79300000,1.80900000,1.78600000,1.80600000,104965.36000000,1772301599999999,188735.66672000,1053,60071.98000000,108035.83355000,0
1772301600000000,1.80500000,1.84300000,1.80300000,1.83200000,84199.20000000,1772305199999999,153605.37021000,986,52511.25000000,95843.02375000,0
1772305200000000,1.83300000,1.85100000,1.82100000,1.83700000,95673.57000000,1772308799999999,175754.95232000,1122,55746.28000000,102412.76868000,0
1772308800000000,1.83600000,1.85600000,1.83500000,1.85300000,63976.17000000,1772312399999999,118184.76769000,906,36986.09000000,68375.85257000,0
1772312400000000,1.85200000,1.85300000,1.83000000,1.83800000,89513.53000000,1772315999999999,164397.02058000,999,36695.09000000,67393.07156000,0
1772316000000000,1.83900000,1.86200000,1.83900000,1.85200000,66077.81000000,1772319599999999,122388.30083000,873,39653.93000000,73460.93150000,0
1772319600000000,1.85000000,1.85300000,1.83900000,1.84900000,80526.05000000,1772323199999999,148415.10439000,783,43877.34000000,80877.50078000,0
